isincode;description;redemptiondate;currencycode;issuercode;issuerdescription;ratingsp;ratingmoodys;ratingfitch;minimumlot;status;referencedate;pricetype;price;volume;volumevalue;grossytm;grossduration;netytm;supernetytm;supernetduration;ispread;zspread;currentcouponrate;couponperiodicity;couponmonths;instantyield;issueprice;
AT0000383864;AUSTRIA 15/07/2027 6,25%;15/07/2027;EUR;GOV_AT;Austria;AA+;Aa1;;1000;Senior;25/09/2026;LP;102,597;10000;1;2,87;0,77;2,11;2,11;0,78;-0,401;-0,401;0,0625;1;7;0,0609;99,45;
AT0000A04967;AUSTRIA 15/03/2037 4,15%;15/03/2037;EUR;GOV_AT;Austria;AA+;Aa1;;1000;Senior;25/09/2026;LP;102,68;30000;1;3,83;8,22;3,32;3,32;8,47;0,182;0,188;0,0415;1;3;0,0404;99,717;
AT0000A0U299;AUSTRIA 26/01/2062 3,8%;26/01/2062;EUR;GOV_AT;Austria;AA+;Aa1;;1000;Senior;25/09/2026;RP;95;0;1;4,07;18,35;3,57;3,58;19,72;0,753;0,635;0,038;1;1;0,04;99,182;
AT0000A0VRQ6;AUSTRIA 20/06/2044 3,15%;20/06/2044;EUR;GOV_AT;Austria;AA+;Aa1;;1000;Senior;25/09/2026;LP;88,47;26000;1;4,07;12,91;3,59;3,65;13,39;0,448;0,446;0,0315;1;6;0,0356;98,853;
AT0000A10683;AUSTRIA 23/05/2034 2,4%;23/05/2034;EUR;GOV_AT;Austria;AA+;Aa1;;1000;Senior;25/09/2026;LP;91,55;89000;1;3,69;6,74;3,24;3,37;6,83;0,061;0,063;0,024;1;5;0,0262;99,376;
AT0000A1K9C8;AUSTRIA 20/10/2026 0,75%;20/10/2026;EUR;GOV_AT;Austria;AA+;Aa1;;1000;Senior;25/09/2026;RP;99,885;0;1;2,77;0,06;2,42;2,67;0,06;0,154;0,154;0,0075;1;10;0,0075;99,909;
AT0000A1K9F1;AUSTRIA 20/02/2047 1,5%;20/02/2047;EUR;GOV_AT;Austria;AA+;Aa1;;1000;Senior;25/09/2026;RP;64,44;0;1;4,11;15,99;3,67;3,86;16,43;0,504;0,499;0,015;1;2;0,0233;99,93;
AT0000A1PEF7;AUSTRIA 02/11/2086 1,5%;02/11/2086;EUR;GOV_AT;Austria;AA+;Aa1;;1000;Senior;25/09/2026;LP;45,56;88000;2;3,83;27,4;3,43;3,49;29,98;0,79;0,624;0,015;1;11;0,0329;98,717;
AT0000A1VGK0;AUSTRIA 20/04/2027 0,5%;20/04/2027;EUR;GOV_AT;Austria;AA+;Aa1;;1000;Senior;25/09/2026;LP;98,784;172000;2;2,73;0,54;2,39;2,66;0,54;-0,341;-0,341;0,005;1;4;0,0051;99,621;
AT0000A1XML2;AUSTRIA 20/09/2117 2,1%;20/09/2117;EUR;GOV_AT;Austria;AA+;Aa1;;1000;Senior;25/09/2026;LP;55,73;301000;2;3,87;26,63;3,41;3,43;30,1;0,831;0,633;0,021;1;9;0,0377;99,502;
AT0000A1ZGE4;AUSTRIA 20/02/2028 0,75%;20/02/2028;EUR;GOV_AT;Austria;AA+;Aa1;;1000;Senior;25/09/2026;LP;96,77;20000;2;3,15;1,34;2,76;3,05;1,35;-0,34;-0,339;0,0075;1;2;0,0078;99,633;
AT0000A269M8;AUSTRIA 20/02/2029 0,5%;20/02/2029;EUR;GOV_AT;Austria;AA+;Aa1;;1000;Senior;25/09/2026;LP;93,45;55000;1;3,39;2,3;2,98;3,33;2,3;-0,219;-0,218;0,005;1;2;0,0054;100;
AT0000A2CQD2;AUSTRIA 20/02/2030 0%;20/02/2030;EUR;GOV_AT;Austria;AA+;Aa1;;1000;Senior;25/09/2026;LP;89,17;92000;2;3,43;3,28;3,02;3,43;3,28;-0,196;-0,196;0;1;2;0;101,121;
AT0000A2EJ08;AUSTRIA 20/03/2051 0,75%;20/03/2051;EUR;GOV_AT;Austria;AA+;Aa1;;1000;Senior;25/09/2026;LP;49,14;10000;1;4,07;20,28;3,68;3,93;20,68;0,542;0,532;0,0075;1;3;0,0153;98,96;
AT0000A2HLC4;AUSTRIA 30/06/2120 0,85%;30/06/2120;EUR;GOV_AT;Austria;AA+;Aa1;;1000;Senior;25/09/2026;LP;29,85;1830000;4;3,25;36,59;2,93;2,97;40,83;0,212;0,089;0,0085;1;6;0,0285;98,01;
AT0000A2KQ43;AUSTRIA 22/10/2040 0%;22/10/2040;EUR;GOV_AT;Austria;AA+;Aa1;;1000;Senior;25/09/2026;LP;57,61;60000;2;4;13,53;3,6;4;13,53;0,348;0,348;0;1;10;0;101,898;
AT0000A2NW83;AUSTRIA 20/02/2031 0%;20/02/2031;EUR;GOV_AT;Austria;AA+;Aa1;;1000;Senior;25/09/2026;LP;85,85;54000;1;3,53;4,25;3,11;3,53;4,25;-0,099;-0,099;0;1;2;0;103,387;
AT0000A2QQB6;AUSTRIA 20/04/2071 0,70%;20/04/2071;EUR;GOV_AT;Austria;AA+;Aa1;;1000;Senior;25/09/2026;LP;33,69;376000;2;3,82;30,86;3,49;3,64;32,19;0,679;0,607;0,007;1;4;0,0208;98,996;
AT0000A2T198;AUSTRIA 20/10/2036 0,25% ;20/10/2036;EUR;GOV_AT;Austria;AA+;Aa1;;1000;Senior;25/09/2026;RP;70,48;0;1;3,84;9,52;3,42;3,8;9,54;0,195;0,195;0,0025;1;10;0,0035;99,47;
AT0000A2VB47;AUSTRIA 20/10/2028 0%;20/10/2028;EUR;GOV_AT;Austria;AA+;Aa1;;1000;Senior;25/09/2026;LP;93,5;118000;2;3,32;1,99;2,91;3,32;1,99;-0,274;-0,274;0;1;10;0;99,832;
AT0000A2WSC8;AUSTRIA 20/02/2032 0,9% ;20/02/2032;EUR;GOV_AT;Austria;AA+;Aa1;;1000;Senior;25/09/2026;LP;87,17;5000;1;3,56;5,07;3,13;3,43;5,09;-0,074;-0,073;0,009;1;2;0,0103;99,512;
AT0000A2Y8G4;AUSTRIA GREEN BOND 23/05/2049 1,85%;23/05/2049;EUR;GOV_AT;Austria;AA+;Aa1;;1000;Senior;25/09/2026;RP;67,16;0;1;4,1;16,77;3,66;3,81;17,36;0,536;0,523;0,0185;1;5;0,0275;99,454;
AT0000A324S8;AUSTRIA 20/02/2033 2,9%;20/02/2033;EUR;GOV_AT;Austria;AA+;Aa1;;1000;Senior;25/09/2026;LP;95,88;28000;1;3,63;5,61;3,19;3,25;5,7;0,007;0,01;0,029;1;2;0,0302;99,194;
AT0000A33SH3;AUSTRIA GREEN BOND 23/05/2029 2,9%;23/05/2029;EUR;GOV_AT;Austria;AA+;Aa1;;1000;Senior;25/09/2026;LP;98,9;97000;1;3,34;2,48;2,92;2,97;2,5;-0,285;-0,281;0,029;1;5;0,0293;99,711;
AT0000A33SK7;AUSTRIA 20/10/2053 3,15%;20/10/2053;EUR;GOV_AT;Austria;AA+;Aa1;;1000;Senior;25/09/2026;LP;84,7;33000;1;4,1;16,5;3,61;3,65;17,46;0,621;0,572;0,0315;1;10;0,0372;98,914;
AT0000A38239;AUSTRIA 20/10/2030 3,45%;20/10/2030;EUR;GOV_AT;Austria;AA+;Aa1;;100;Senior;25/09/2026;LP;99,93;13000;1;3,47;3,61;3,03;3,03;3,66;-0,164;-0,161;0,0345;1;10;0,0345;99,757;
AT0000A39UW5;AUSTRIA 20/02/2034 2,9%;20/02/2034;EUR;GOV_AT;Austria;AA+;Aa1;;100;Senior;25/09/2026;RP;94,87;0;1;3,7;6,39;3,25;3,33;6,5;0,08;0,082;0,029;1;2;0,0306;99,704;
AT0000A3D3Q8;AUSTRIA 15/07/2039 3,2%;15/07/2039;EUR;GOV_AT;Austria;AA+;Aa1;;100;Senior;25/09/2026;LP;92,51;10000;1;3,96;10,12;3,48;3,54;10,4;0,306;0,309;0,032;1;7;0,0346;99,934;
AT0000A3EPP2;AUSTRIA 20/10/2029 2,5% ;20/10/2029;EUR;GOV_AT;Austria;AA+;Aa1;;100;Senior;25/09/2026;LP;97,42;126900;1;3,4;2,82;2,98;3,08;2,84;-0,227;-0,224;0,025;1;10;0,0257;99,882;
AT0000A3HU25;AUSTRIA 20/02/2035 2,95%;20/02/2035;EUR;GOV_AT;Austria;AA+;Aa1;;100;Senior;25/09/2026;LP;94,28;5000;1;3,76;7,12;3,3;3,37;7,26;0,125;0,127;0,0295;0;2;0,0313;99,596;
AT0000A3NY15;AUSTRIA 20/09/2032 2,8%;20/09/2032;EUR;GOV_AT;Austria;AA+;Aa1;;100;Senior;25/09/2026;LP;95,78;21600;1;3,6;5,38;3,15;3,24;5,44;-0,028;-0,026;0,028;0;9;0,0292;99,948;
AT0000A3RVH9;AUSTRIA 20/02/2036 3,2%;20/02/2036;EUR;GOV_AT;Austria;AA+;Aa1;;100;Senior;25/09/2026;LP;95,24;6000;1;3,81;7,76;3,34;3,4;7,93;0,167;0,172;0,032;0;2;0,0336;99,878;
AT0000A3T279;AUSTRIA 20/03/2056 3,75%;20/03/2056;EUR;GOV_AT;Austria;AA+;Aa1;;100;Senior;25/09/2026;LP;94,92;2000;1;4,05;16,94;3,55;3,56;18,04;0,621;0,549;0,0375;0;3;0,0395;99,5;
AT0000A3V200;AUSTRIA 20/10/2031 2,85%;20/10/2031;EUR;GOV_AT;Austria;AA+;Aa1;;100;Senior;25/09/2026;LP;97,08;10000;1;3,49;4,57;3,06;3,12;4,63;-0,141;-0,139;0,0285;0;10;0,0294;99,837;
AT0000A3V234;AUSTRIA 20/09/2041 3,55%;20/09/2041;EUR;GOV_AT;Austria;AA+;Aa1;;100;Senior;25/09/2026;LP;95,2;51000;1;3,98;11,32;3,49;3,52;11,7;0,334;0,337;0,0355;0;9;0,0373;99,699;
AU0000075681;AUSTRALIA 21/05/2032 1,25% AUD;21/05/2032;AUD;GOV_AU;Australia;AAA;Aaa;;1000;Senior;25/09/2026;LP;81,41;1000;1;5,15;5,15;4,54;4,97;5,18;1,518;1,519;0,0125;2;5,11;0,0154;100;
AU0000143901;AUSTRALIA 21/11/2032 1,75% AUD;21/11/2032;AUD;GOV_AU;Australia;AAA;Aaa;;1000;Senior;25/09/2026;RP;82,16;0;1;5,24;5,48;4,63;4,98;5,54;1,617;1,618;0,0175;2;5,11;0,0213;98,446;
AU0000300535;AUSTRALIA 21/06/2054 4,75% AUD;21/06/2054;AUD;GOV_AU;Australia;AAA;Aaa;;1000;Senior;25/09/2026;LP;86;105000;1;5,85;13,71;5,14;5,17;14,82;2,388;2,312;0,0475;2;6,12;0,0552;97,163;
AU000XCLWAG2;AUSTRALIA 21/04/2033 4,5% AUD;21/04/2033;AUD;GOV_AU;Australia;AAA;Aaa;;1000;Senior;25/09/2026;LP;96,17;46000;1;5,26;5,34;4,62;4,67;5,47;1,639;1,642;0,045;2;4,10;0,0468;95,951;
AU000XCLWAM0;AUSTRALIA 21/06/2035 2,75% AUD;21/06/2035;AUD;GOV_AU;Australia;AAA;Aaa;;1000;Senior;25/09/2026;LP;82,03;17000;1;5,43;7,24;4,79;5,03;7,38;1,791;1,794;0,0275;2;6,12;0,0335;98,997;
AU3TB0000150;AUSTRALIA 21/04/2029 3,25% AUD;21/04/2029;AUD;GOV_AU;Australia;AAA;Aaa;;1000;Senior;25/09/2026;LP;95,75;89000;1;5,11;2,32;4,49;4,67;2,34;1,484;1,489;0,0325;2;4,10;0,0339;95,697;
AU3TB0000192;AUSTRALIA 21/04/2037 3,75% AUD;21/04/2037;AUD;GOV_AU;Australia;AAA;Aaa;;1000;Senior;25/09/2026;LP;86,7;51000;1;5,49;8,05;4,84;4,97;8,31;1,844;1,849;0,0375;2;4,10;0,0433;97,109;
BE0000291972;BELGIO 28/03/2028 5,5%;28/03/2028;EUR;GOV_BE;Belgio;AA-;A1;;1000;Senior;25/09/2026;LP;103,18;60000;1;3,26;1,4;2,6;2,6;1,41;-0,253;-0,244;0,055;1;3;0,0533;98,929;
BE0000304130;BELGIO 28/03/2035 5%;28/03/2035;EUR;GOV_BE;Belgio;AA-;A1;;1000;Senior;25/09/2026;LP;105,99;21000;1;4,15;6,73;3,54;3,54;6,92;0,514;0,517;0,05;1;3;0,0472;98,842;
BE0000320292;BELGIO 28/03/2041 4,25%;28/03/2041;EUR;GOV_BE;Belgio;AA-;A1;;1000;Senior;25/09/2026;LP;96,55;175950;2;4,58;10,34;4,01;4,04;10,75;0,928;0,933;0,0425;1;3;0,044;99,62;
BE0000326356;BELGIO 28/03/2032 4%;28/03/2032;EUR;GOV_BE;Belgio;AA-;A1;;1000;Senior;25/09/2026;LP;100,99;17000;1;3,79;4,77;3,29;3,29;4,85;0,164;0,167;0,04;1;3;0,0396;99,133;
BE0000331406;BELGIO 22/06/2045 3,75%;22/06/2045;EUR;GOV_BE;Belgio;AA-;A1;;1000;Senior;25/09/2026;LP;88,38;252000;1;4,69;12,68;4,14;4,19;13,25;1,076;1,071;0,0375;1;6;0,0424;96,377;
BE0000333428;BELGIO 22/06/2034 3%;22/06/2034;EUR;GOV_BE;Belgio;AA-;A1;;1000;Senior;25/09/2026;RP;93,02;0;1;4,07;6,65;3,58;3,67;6,77;0,443;0,445;0,03;1;6;0,0323;98,816;
BE0000335449;BELGIO 22/06/2031 1%;22/06/2031;EUR;GOV_BE;Belgio;AA-;A1;;1000;Senior;25/09/2026;LP;88,36;16000;1;3,73;4,46;3,29;3,59;4,48;0,098;0,099;0,01;1;6;0,0113;99,061;
BE0000336454;BELGIO 22/06/2038 1,9%;22/06/2038;EUR;GOV_BE;Belgio;AA-;A1;;1000;Senior;25/09/2026;RP;77;0;1;4,46;9,92;3,95;4,18;10,1;0,811;0,814;0,019;1;6;0,0247;99,382;
BE0000338476;BELGIO 22/06/2047 1,6%;22/06/2047;EUR;GOV_BE;Belgio;AA-;A1;;1000;Senior;25/09/2026;RP;58,43;0;1;4,81;15,77;4,32;4,53;16,25;1,213;1,207;0,016;1;6;0,0274;98,524;
BE0000340498;BELGIO 22/06/2066 2,15%;22/06/2066;EUR;GOV_BE;Belgio;AA-;A1;;1000;Senior;25/09/2026;LP;53,33;4000;1;4,8;20,64;4,29;4,38;22,24;1,569;1,439;0,0215;1;6;0,0403;98,931;
BE0000341504;BELGIO 22/06/2027 0,8%;22/06/2027;EUR;GOV_BE;Belgio;AA-;A1;;1000;Senior;25/09/2026;LP;98,34;203000;1;3,14;0,71;2,74;3,03;0,71;-0,086;-0,086;0,008;1;6;0,0081;99,877;
BE0000343526;BELGIO 22/06/2057 2,25%;22/06/2057;EUR;GOV_BE;Belgio;AA-;A1;;1000;Senior;25/09/2026;LP;59;4000;1;4,84;18,5;4,32;4,44;19,61;1,437;1,372;0,0225;1;6;0,0381;99,01;
BE0000344532;BELGIO 22/06/2037 1,45%;22/06/2037;EUR;GOV_BE;Belgio;AA-;A1;;1000;Senior;25/09/2026;RP;75,52;0;1;4,35;9,42;3,86;4,14;9,54;0,704;0,706;0,0145;1;6;0,0192;99,396;
BE0000345547;BELGIO 22/06/2028 0,8%;22/06/2028;EUR;GOV_BE;Belgio;AA-;A1;;1000;Senior;25/09/2026;LP;95,8;175161;1;3,34;1,67;2,92;3,23;1,67;-0,223;-0,222;0,008;1;6;0,0084;99,881;
BE0000346552;BELGIO GREEN BOND 22/04/2033 1,25%;22/04/2033;EUR;GOV_BE;Belgio;AA-;A1;;1000;Senior;25/09/2026;RP;84,87;0;1;3,91;6,04;3,45;3,73;6,09;0,284;0,284;0,0125;1;4;0,0147;99,466;
BE0000347568;BELGIO 22/06/2029 0,9%;22/06/2029;EUR;GOV_BE;Belgio;AA-;A1;;1000;Senior;25/09/2026;RP;93,4;0;1;3,48;2,61;3,05;3,35;2,62;-0,149;-0,147;0,009;1;6;0,0096;99,566;
BE0000348574;BELGIO 22/06/2050 1,70%;22/06/2050;EUR;GOV_BE;Belgio;AA-;A1;;1000;Senior;25/09/2026;RP;55,93;0;1;4,87;17,04;4,37;4,57;17,68;1,327;1,309;0,017;1;6;0,0304;98,899;
BE0000349580;BELGIO 22/06/2030 0,1%;22/06/2030;EUR;GOV_BE;Belgio;AA-;A1;;1000;Senior;25/09/2026;LP;87,9;40000;1;3,63;3,59;3,19;3,61;3,59;-0,004;-0,004;0,001;1;6;0,0011;99,865;
BE0000350596;BELGIO 22/06/2040 0,4%;22/06/2040;EUR;GOV_BE;Belgio;AA-;A1;;1000;Senior;25/09/2026;LP;58,55;100000;1;4,52;12,65;4,06;4,45;12,72;0,865;0,865;0,004;1;6;0,0068;99,418;
BE0000351602;BELGIO 22/10/2027 0%;22/10/2027;EUR;GOV_BE;Belgio;AA-;A1;;1000;Senior;25/09/2026;LP;96,72;673064;2;3,19;1,03;2,79;3,19;1,03;-0,211;-0,211;0;1;10;0;100,098;
BE0000352618;BELGIO 22/10/2031 0%;22/10/2031;EUR;GOV_BE;Belgio;AA-;A1;;1000;Senior;25/09/2026;LP;82,84;35721;2;3,79;4,88;3,34;3,79;4,88;0,157;0,157;0;1;10;0;102,353;
BE0000353624;BELGIO 22/06/2071 0,65%;22/06/2071;EUR;GOV_BE;Belgio;AA-;A1;;1000;Senior;25/09/2026;LP;27,3;105000;1;4,39;29,96;4,02;4,2;31,38;1,249;1,172;0,0065;1;6;0,0238;98,304;
BE0000354630;BELGIO 22/06/2032 0,35% ;22/06/2032;EUR;GOV_BE;Belgio;AA-;A1;;1000;Senior;25/09/2026;LP;82,27;9881;1;3,86;5,46;3,41;3,81;5,47;0,231;0,232;0,0035;1;6;0,0043;99,868;
BE0000355645;BELGIO 22/06/2053 1,40%;22/06/2053;EUR;GOV_BE;Belgio;AA-;A1;;1000;Senior;25/09/2026;LP;49,01;21924;1;4,84;19,05;4,36;4,56;19,79;1,358;1,33;0,014;1;6;0,0286;99,399;
BE0000356650;BELGIO GREEN BOND 22/04/2039 2,75% ;22/04/2039;EUR;GOV_BE;Belgio;AA-;A1;;1000;Senior;25/09/2026;RP;83,61;0;1;4,48;10;3,96;4,1;10,26;0,833;0,836;0,0275;1;4;0,0329;99,956;
BE0000357666;BELGIO 22/06/2033 3%;22/06/2033;EUR;GOV_BE;Belgio;AA-;A1;;1000;Senior;25/09/2026;LP;94,65;41580;1;3,92;5,9;3,44;3,53;5,98;0,294;0,296;0,03;1;6;0,0317;99,799;
BE0000358672;BELGIO 22/06/2054 3,3%;22/06/2054;EUR;GOV_BE;Belgio;AA-;A1;;1000;Senior;25/09/2026;LP;76,8;378890;2;4,84;16,18;4,27;4,34;17,2;1,374;1,316;0,033;1;6;0,043;99,07;
BE0000359688;BELGIO 22/06/2043 3,45%;22/06/2043;EUR;GOV_BE;Belgio;AA-;A1;;1;Senior;25/09/2026;LP;85,9;102000;1;4,68;11,95;4,13;4,21;12,42;1,048;1,048;0,0345;1;6;0,0402;99,99;
BE0000360694;BELGIO 22/10/2034 2,85%;22/10/2034;EUR;GOV_BE;Belgio;AA-;A1;;1;Senior;25/09/2026;LP;91,92;17000;1;4,04;6,8;3,55;3,67;6,93;0,416;0,418;0,0285;1;10;0,031;99,788;
BE0000361700;BELGIO 22/06/2055 3,5%;22/06/2055;EUR;GOV_BE;Belgio;AA-;A1;;1;Senior;25/09/2026;LP;78,5;311973;2;4,91;16,16;4,34;4,39;17,24;1,47;1,401;0,035;1;6;0,0446;99,938;
BE0000362716;BELGIO 22/10/2029 2,7%;22/10/2029;EUR;GOV_BE;Belgio;AA-;A1;;1;Senior;25/09/2026;LP;97,62;185076;1;3,53;2,81;3,09;3,19;2,83;-0,097;-0,093;0,027;1;10;0,0277;99,953;
BE0000363722;BELGIO 22/06/2035 3,1% ;22/06/2035;EUR;GOV_BE;Belgio;AA-;A1;;1;Senior;25/09/2026;LP;92,42;84000;1;4,15;7,36;3,65;3,74;7,51;0,517;0,52;0,031;1;6;0,0335;99,652;
BE0000364738;BELGIO 22/06/2042 3,45%;22/06/2042;EUR;GOV_BE;Belgio;AA-;A1;;1;Senior;25/09/2026;LP;87,12;100000;1;4,62;11,47;4,07;4,15;11,89;0,976;0,978;0,0345;1;6;0,0396;99,41;
BE0000365743;BELGIO 22/10/2030 2,6%;22/10/2030;EUR;GOV_BE;Belgio;AA-;A1;;1;Senior;25/09/2026;LP;96,05;5000;1;3,66;3,67;3,21;3,33;3,72;0,031;0,034;0,026;1;10;0,0271;99,893;
BE0000366758;BELGIO 22/06/2036 3,4%;22/06/2036;EUR;GOV_BE;Belgio;AA-;A1;;1;Senior;25/09/2026;LP;93,27;127122;1;4,26;7,97;3,74;3,81;8,16;0,609;0,613;0,034;0;6;0,0365;99,703;
BE0000367764;BELGIO 22/06/2056 4,35%;22/06/2056;EUR;GOV_BE;Belgio;AA-;A1;;1;Senior;25/09/2026;LP;91,2;59621;2;4,92;15,65;4,32;4,34;16,8;1,496;1,411;0,0435;0;6;0,0477;99,938;
BE0000368770;BELGIO 22/08/2031 3,1%;22/08/2031;EUR;GOV_BE;Belgio;AA-;A1;;1;Senior;25/09/2026;LP;97,15;19000;1;3,75;4,43;3,28;3,35;4,48;0,115;0,118;0,031;0;8;0,0319;99,894;
DE0001030708;GERMANIA GREEN BOND 15/08/2030 0%;15/08/2030;EUR;GOV_DE;Germania;AAA;Aaa;;1000;Senior;25/09/2026;LP;87,75;50000;1;3,43;3,75;3,02;3,43;3,75;-0,204;-0,204;0;1;8;0;104,717;
DE0001030724;GERMANIA GREEN BOND 15/08/2050 0%;15/08/2050;EUR;GOV_DE;Germania;AAA;Aaa;;1000;Senior;25/09/2026;RP;40,14;0;1;3,9;23;3,57;3,86;23;0,354;0,354;0;1;8;0;89,215;
DE0001030732;GERMANIA GREEN BOND 15/08/2031 0%;15/08/2031;EUR;GOV_DE;Germania;AAA;Aaa;;1000;Senior;25/09/2026;RP;84,95;0;1;3,4;4,72;3;3,4;4,72;-0,23;-0,23;0;1;8;0;103,81;
DE0001030740;GERMANIA GREEN BOND 15/10/2027 1,3%;15/10/2027;EUR;GOV_DE;Germania;AAA;Aaa;;1000;Senior;25/09/2026;LP;98,2;149000;1;3,08;1;2,69;2,91;1;-0,314;-0,313;0,013;1;10;0,0132;99,675;
DE0001030757;GERMANIA GREEN BOND 15/08/2053 1,8% ;15/08/2053;EUR;GOV_DE;Germania;AAA;Aaa;;1;Senior;25/09/2026;RP;65,22;0;1;3,91;19,16;3,5;3,58;19,89;0,436;0,404;0,018;1;8;0,0276;84,651;
DE0001102341;GERMANIA 15/08/2046 2,5%;15/08/2046;EUR;GOV_DE;Germania;AAA;Aaa;;1000;Senior;25/09/2026;LP;81;8000;1;3,89;14,74;3,44;3,53;15,26;0,281;0,275;0,025;1;8;0,0309;99,4;
DE0001102416;GERMANIA 15/02/2027 0,25%;15/02/2027;EUR;GOV_DE;Germania;AAA;Aaa;;1000;Senior;25/09/2026;LP;99,068;126000;2;2,74;0,37;2,4;2,7;0,37;-0,09;-0,09;0,0025;1;2;0,0025;98,91;
DE0001102424;GERMANIA 15/08/2027 0,5%;15/08/2027;EUR;GOV_DE;Germania;AAA;Aaa;;1000;Senior;25/09/2026;LP;97,869;205750;2;3;0,85;2,63;2,93;0,85;-0,323;-0,323;0,005;1;8;0,0051;99,1;
DE0001102432;GERMANIA 15/08/2048 1,25%;15/08/2048;EUR;GOV_DE;Germania;AAA;Aaa;;1000;Senior;25/09/2026;LP;61,26;22000;1;3,92;17,6;3,51;3,71;18,03;0,337;0,33;0,0125;1;8;0,0204;99,41;
DE0001102440;GERMANIA 15/02/2028 0,5%;15/02/2028;EUR;GOV_DE;Germania;AAA;Aaa;;1000;Senior;25/09/2026;LP;96,44;130000;2;3,18;1,33;2,78;3,11;1,33;-0,314;-0,313;0,005;1;2;0,0052;99,63;
DE0001102457;GERMANIA 15/08/2028 0,25%;15/08/2028;EUR;GOV_DE;Germania;AAA;Aaa;;1000;Senior;25/09/2026;LP;94,63;293687;2;3,24;1,82;2,85;3,2;1,82;-0,335;-0,334;0,0025;1;8;0,0026;98,9;
DE0001102465;GERMANIA 15/02/2029 0,25%;15/02/2029;EUR;GOV_DE;Germania;AAA;Aaa;;1000;Senior;25/09/2026;RP;93,16;0;1;3,28;2,3;2,88;3,25;2,3;-0,328;-0,328;0,0025;1;2;0,0027;100;
DE0001102473;GERMANIA 15/08/2029 0%;15/08/2029;EUR;GOV_DE;Germania;AAA;Aaa;;1000;Senior;25/09/2026;LP;91;138000;2;3,33;2,79;2,93;3,33;2,79;-0,295;-0,295;0;1;8;0;102,64;
DE0001102481;GERMANIA 15/08/2050 0%;15/08/2050;EUR;GOV_DE;Germania;AAA;Aaa;;1000;Senior;25/09/2026;LP;39,98;108000;2;3,91;22,99;3,58;3,91;22,99;0,372;0,372;0;1;8;0;103,61;
DE0001102499;GERMANIA 15/02/2030 0%;15/02/2030;EUR;GOV_DE;Germania;AAA;Aaa;;1000;Senior;25/09/2026;LP;89,52;256;2;3,33;3,27;2,93;3,33;3,27;-0,302;-0,302;0;1;2;0;102,57;
DE0001102507;GERMANIA 15/08/2030 0%;15/08/2030;EUR;GOV_DE;Germania;AAA;Aaa;;1000;Senior;25/09/2026;LP;87,95;91900;2;3,37;3,75;2,96;3,37;3,75;-0,264;-0,264;0;1;8;0;103,89;
DE0001102515;GERMANIA 15/05/2035 0%;15/05/2035;EUR;GOV_DE;Germania;AAA;Aaa;;1000;Senior;25/09/2026;LP;73,88;45000;2;3,57;8,33;3,17;3,57;8,33;-0,06;-0,06;0;1;5;0;104,659;
DE0001102523;GERMANIA 15/11/2027 0%;15/11/2027;EUR;GOV_DE;Germania;AAA;Aaa;;1000;Senior;25/09/2026;LP;96,62;2678513;3;3,09;1,09;2,71;3,09;1,09;-0,326;-0,326;0;1;11;0;104,81;
DE0001102531;GERMANIA 15/02/2031 0%;15/02/2031;EUR;GOV_DE;Germania;AAA;Aaa;;1000;Senior;25/09/2026;LP;86,46;31000;1;3,38;4,24;2,97;3,38;4,24;-0,255;-0,255;0;1;2;0;105,36;
DE0001102549;GERMANIA 15/05/2036 0%;15/05/2036;EUR;GOV_DE;Germania;AAA;Aaa;;1000;Senior;25/09/2026;LP;71,03;81000;2;3,62;9,3;3,22;3,62;9,3;-0,029;-0,029;0;1;5;0;100,9;
DE0001102556;GERMANIA 15/11/2028 0%;15/11/2028;EUR;GOV_DE;Germania;AAA;Aaa;;1000;Senior;25/09/2026;LP;93,41;341557;2;3,25;2,06;2,85;3,25;2,06;-0,344;-0,344;0;1;11;0;103,13;
DE0001102564;GERMANIA 15/08/2031 0%;15/08/2031;EUR;GOV_DE;Germania;AAA;Aaa;;1000;Senior;25/09/2026;LP;84,96;31473;2;3,4;4,72;3;3,4;4,72;-0,233;-0,233;0;1;8;0;101,99;
DE0001102572;GERMANIA 15/08/2052 0%;15/08/2052;EUR;GOV_DE;Germania;AAA;Aaa;;1000;Senior;25/09/2026;LP;37,6;126000;2;3,85;24,94;3,53;3,84;24,94;0,354;0,354;0;1;8;0;95,204;
DE0001102580;GERMANIA 15/02/2032 0%;15/02/2032;EUR;GOV_DE;Germania;AAA;Aaa;;1000;Senior;25/09/2026;LP;83,41;99340;1;3,43;5,21;3,03;3,43;5,21;-0,2;-0,2;0;1;2;0;100,95;
DE0001102598;GERMANIA 15/05/2038 1%;15/05/2038;EUR;GOV_DE;Germania;AAA;Aaa;;1000;Senior;25/09/2026;RP;74,66;0;1;3,73;10,47;3,31;3,58;10,57;0,077;0,078;0,01;1;5;0,0134;100,18;
DE0001102606;GERMANIA 15/08/2032 1,7%;15/08/2032;EUR;GOV_DE;Germania;AAA;Aaa;;1000;Senior;25/09/2026;LP;90,91;117000;2;3,43;5,43;3,02;3,21;5,47;-0,191;-0,19;0,017;1;8;0,0187;104,53;
DE0001102614;GERMANIA 15/08/2053 1,8%;15/08/2053;EUR;GOV_DE;Germania;AAA;Aaa;;1000;Senior;25/09/2026;LP;65,6;203500;1;3,88;19,19;3,47;3,56;19,92;0,406;0,374;0,018;1;8;0,0274;88,051;
DE0001102622;GERMANIA 15/11/2029 2,1%;15/11/2029;EUR;GOV_DE;Germania;AAA;Aaa;;1000;Senior;25/09/2026;LP;96,31;199000;2;3,36;2,91;2,95;3,08;2,93;-0,269;-0,266;0,021;1;11;0,0218;99,16;
DE0001135044;GERMANIA 04/07/2027 6,5%;04/07/2027;EUR;GOV_DE;Germania;AAA;Aaa;;1000;Senior;25/09/2026;RP;102,574;0;1;3,01;0,74;2,23;2,23;0,75;-0,239;-0,239;0,065;1;7;0,0634;99,75;
DE0001135069;GERMANIA 04/01/2028 5,625%;04/01/2028;EUR;GOV_DE;Germania;AAA;Aaa;;1000;Senior;25/09/2026;LP;103,03;55000;1;3,13;1,18;2,45;2,45;1,19;-0,327;-0,317;0,05625;1;1;0,0546;100;
DE0001135085;GERMANIA 04/07/2028 4,75%;04/07/2028;EUR;GOV_DE;Germania;AAA;Aaa;;1000;Senior;25/09/2026;LP;102,43;195000;1;3,3;1,66;2,72;2,72;1,68;-0,267;-0,261;0,0475;1;7;0,0464;99,73;
DE0001135143;GERMANIA 04/01/2030 6,25%;04/01/2030;EUR;GOV_DE;Germania;AAA;Aaa;;1000;Senior;25/09/2026;LP;108,86;71728;1;3,34;2,85;2,6;2,6;2,91;-0,295;-0,285;0,0625;1;1;0,0574;100,06;
DE0001135176;GERMANIA 04/01/2031 5,5%;04/01/2031;EUR;GOV_DE;Germania;AAA;Aaa;;1000;Senior;25/09/2026;LP;108,36;5000;1;3,36;3,67;2,71;2,71;3,75;-0,273;-0,266;0,055;1;1;0,0508;99,64;
DE0001135226;GERMANIA 04/07/2034 4,75%;04/07/2034;EUR;GOV_DE;Germania;AAA;Aaa;;1000;Senior;25/09/2026;LP;108,43;5000;2;3,49;6,43;2,92;2,92;6,59;-0,136;-0,134;0,0475;1;7;0,0438;102,9;
DE0001135275;GERMANIA 04/01/2037 4%;04/01/2037;EUR;GOV_DE;Germania;AAA;Aaa;;1000;Senior;25/09/2026;LP;103,15;20500;1;3,63;8,12;3,13;3,13;8,35;-0,024;-0,018;0,04;1;1;0,0388;99,21;
DE0001135325;GERMANIA 04/07/2039 4,25%;04/07/2039;EUR;GOV_DE;Germania;AAA;Aaa;;1000;Senior;25/09/2026;LP;105,4;167000;1;3,71;9,73;3,2;3,2;10,06;0,059;0,064;0,0425;1;7;0,0403;102,51;
DE0001135366;GERMANIA 04/07/2040 4,75%;04/07/2040;EUR;GOV_DE;Germania;AAA;Aaa;;1000;Senior;25/09/2026;RP;110,26;0;1;3,78;10,11;3,22;3,22;10,48;0,127;0,132;0,0475;1;7;0,0431;97,48;
DE0001135432;GERMANIA 04/07/2042 3,25%;04/07/2042;EUR;GOV_DE;Germania;AAA;Aaa;;1000;Senior;25/09/2026;LP;93,22;142000;2;3,83;11,89;3,37;3,4;12,29;0,188;0,189;0,0325;1;7;0,0349;98,38;
DE0001135481;GERMANIA 04/07/2044 2,5%;04/07/2044;EUR;GOV_DE;Germania;AAA;Aaa;;1000;Senior;25/09/2026;LP;82,49;157000;2;3,88;13,54;3,43;3,53;13,97;0,256;0,254;0,025;1;7;0,0303;101,93;
DE0001141844;GERMANIA 09/10/2026 0%;09/10/2026;EUR;GOV_DE;Germania;AAA;Aaa;;1000;Senior;25/09/2026;LP;99,902;962000;2;3,64;0,03;3,18;3,64;0,03;1,029;1,029;0;1;10;0;103,15;
DE0001141851;GERMANIA 16/04/2027 0%;16/04/2027;EUR;GOV_DE;Germania;AAA;Aaa;;1000;Senior;25/09/2026;LP;98,461;1032501;2;2,89;0,53;2,52;2,89;0,53;-0,174;-0,174;0;1;4;0;101,54;
DE0001141869;GERMANIA 15/10/2027 1,3%;15/10/2027;EUR;GOV_DE;Germania;AAA;Aaa;;1000;Senior;25/09/2026;LP;98,21;70214;1;3,07;1;2,69;2,89;1;-0,324;-0,323;0,013;1;10;0,0132;99,43;
DE0001342244;DEUTSCHE BANK 15/10/2026 ZC;15/10/2026;EUR;DEUTSCHEBANK;Deutsche Bank AG;;;;1000;Senior;25/09/2026;LP;99,86;250000000;4;3,25;0,04;1,22;1,22;0,04;0,633;0,633;0;;;0;7,5;
DE0001345759;DEUTSCHE BANK 28/10/2026 DEM ZC;28/10/2026;DEM;DEUTSCHEBANK;Deutsche Bank AG;;;;10000;Senior;25/09/2026;LP;99,75;200000;1;3,2;0,08;1,79;1,79;0,08;0,586;0,586;0;;;0;13,2;
DE0001345908;BEI 05/11/2026 ZC;05/11/2026;EUR;SOV_BEI;European Investment Bank;AAA;;;1000;Senior;25/09/2026;LP;99,74;10000;1;2,6;0,1;1,98;1,98;0,1;-0,013;-0,013;0;;;0;13,73;
DE0001892057;DEUTSCHE BANK 20/01/2032 ITL ZC;20/01/2032;ITL;DEUTSCHEBANK;Deutsche Bank AG;;;;5000000;Senior;25/09/2026;RP;80,3;0;1;4,22;5,1;3,09;3,09;5,15;0,589;0,589;0;;;0;7,8;
DE000A11QTF7;KFW 23/04/2030 0,375%;23/04/2030;EUR;KFW;Kreditanstalt für Wiederaufbau;;;;1000;Senior;25/09/2026;RP;89,59;0;1;3,53;3,42;2,64;3,43;3,43;-0,097;-0,097;0,00375;1;4;0,0042;99,724;
DE000A11QTK7;KFW 31/07/2035 1,375%;31/07/2035;EUR;KFW;Kreditanstalt für Wiederaufbau;;;;1000;Senior;25/09/2026;RP;82,3;0;0;3,77;8;2,85;3,36;8,16;0,132;0,133;0,01375;1;7;0,0167;98,672;
DE000A168Y48;KFW 04/07/2036 1,25%;04/07/2036;EUR;KFW;Kreditanstalt für Wiederaufbau;;;;1000;Senior;25/09/2026;RP;79,52;0;1;3,8;8,81;2,88;3,42;8,99;0,151;0,153;0,0125;;7;0,0157;99,43;
DE000A169NC2;DAIMLER 11/05/2028 1,375%;11/05/2028;EUR;DAIMLER;Mercedes-Benz Group AG;;;;1000;Senior;25/09/2026;LP;96,47;36000;1;3,66;1,55;2,72;3,29;1,55;0,119;0,121;0,01375;1;5;0,0143;99,594;
DE000A1ZZ028;BMW 20/04/2027 1%;20/04/2027;EUR;BMW;Bayerische Motoren Werke AG;;;;1000;Senior;25/09/2026;RP;98,82;0;1;3,17;0,54;2,35;2,88;0,54;0,096;0,096;0,01;1;4;0,0101;98,66;
DE000A289QR9;MERCEDES-BENZ GROUP AG GREEN BOND 10/09/2030 0,75%;10/09/2030;EUR;MERCEDES-BENZ;Mercedes-Benz Group AG;;;;1000;Senior;25/09/2026;RP;88,06;0;1;4,09;3,75;3,06;3,86;3,77;0,453;0,454;0,0075;1;9;0,0085;99,188;
DE000A2DAR40;KFW 15/06/2037 1,125%;15/06/2037;EUR;KFW;Kreditanstalt für Wiederaufbau;;;;1000;Senior;25/09/2026;RP;76,14;0;1;3,89;9,63;2,96;3,55;9,83;0,242;0,243;0,01125;;6;0,0148;99,893;
DE000A2DAR65;KFW 22/02/2027 0,625%;22/02/2027;EUR;KFW;Kreditanstalt für Wiederaufbau;;;;1000;Senior;25/09/2026;RP;99,308;0;0;2,38;0,39;1,76;2,21;0,39;-0,486;-0,486;0,00625;1;2;0,0063;99,86;
DE000A2GSCW3;MERCEDES-BENZ GROUP AG 03/07/2029 1,5%;03/07/2029;EUR;MERCEDES-BENZ;Mercedes-Benz Group AG;;;;1000;Senior;25/09/2026;RP;94,23;0;1;3,74;2,62;2,78;3,33;2,64;0,113;0,115;0,015;1;7;0,0159;99,913;
DE000A2GSCX1;MERCEDES-BENZ GROUP AG 03/07/2037 2,125%;03/07/2037;EUR;MERCEDES-BENZ;Mercedes-Benz Group AG;;;;1000;Senior;25/09/2026;RP;79,89;0;1;4,53;9,11;3,43;3,89;9,45;0,876;0,879;0,02125;1;7;0,0266;99,855;
DE000A2GSE59;KFW 15/09/2032 1,125%;15/09/2032;EUR;KFW;Kreditanstalt für Wiederaufbau;;;;1000;Senior;25/09/2026;RP;86,49;0;1;3,69;5,58;2,78;3,35;5,64;0,066;0,066;0,01125;;9;0,013;98,475;
DE000A2GSFA2;KFW 15/09/2027 0,5%;15/09/2027;EUR;KFW;Kreditanstalt für Wiederaufbau;;;;1000;Senior;25/09/2026;LP;97,697;10000;1;2,96;0,93;2,2;2,82;0,94;-0,398;-0,398;0,005;;9;0,0051;99,224;
DE000A2GSLY0;MERCEDES-BENZ GROUP AG 15/11/2027 1%;15/11/2027;EUR;MERCEDES-BENZ;Mercedes-Benz Group AG;;;;1000;Senior;25/09/2026;LP;97,2;15000;1;3,57;1,08;2,65;3,29;1,09;0,154;0,155;0,01;1;11;0,0103;99,349;
DE000A2GSNR0;KFW 07/01/2028 0,625%;07/01/2028;EUR;KFW;Kreditanstalt für Wiederaufbau;;;;1000;Senior;25/09/2026;RP;97,23;0;1;2,87;1,23;2,13;2,69;1,24;-0,592;-0,591;0,00625;;1;0,0064;99,289;
DE000A2LQHT2;KFW 09/05/2033 1,125%;09/05/2033;EUR;KFW;Kreditanstalt für Wiederaufbau;;;;1000;Senior;25/09/2026;RP;85,19;0;0;3,69;6,13;2,78;3,36;6,21;0,067;0,068;0,01125;1;5;0,0132;99,521;
DE000A2LQSH4;KFW 28/06/2028 0,75%;28/06/2028;EUR;KFW;Kreditanstalt für Wiederaufbau;;;;1000;Senior;25/09/2026;RP;95,67;0;1;3,34;1,68;2,48;3,13;1,69;-0,221;-0,22;0,0075;;6;0,0078;99,394;
DE000A2LQSN2;KFW 15/01/2029 0,75%;15/01/2029;EUR;KFW;Kreditanstalt für Wiederaufbau;;;;1000;Senior;25/09/2026;RP;94,1;0;1;3,47;2,2;2,58;3,26;2,21;-0,141;-0,14;0,0075;1;1;0,008;99,98;
DE000A2TR083;MERCEDES-BENZ GROUP AG 27/02/2031 2%;27/02/2031;EUR;MERCEDES-BENZ;Mercedes-Benz Group AG;;;;1000;Senior;25/09/2026;RP;91,53;0;1;4,14;4,04;3,09;3,58;4,11;0,504;0,507;0,02;1;2;0,0219;99,631;
DE000A3H3JM4;MERCEDES-BENZ GROUP AG GREEN BOND 11/03/2033 0,75%;11/03/2033;EUR;MERCEDES-BENZ;Mercedes-Benz Group AG;;;;1000;Senior;25/09/2026;RP;80,3;0;1;4,31;6,01;3,27;4,08;6,07;0,69;0,691;0,0075;1;3;0,0093;99,26;
DE000A3LT431;BMW 02/11/2027 3%;02/11/2027;EUR;BMW;Bayerische Motoren Werke AG;;;;1000;Senior;25/09/2026;RP;99,22;0;1;3,74;1,03;2,77;2,94;1,04;0,329;0,332;0,03;1;11;0,0302;99,788;
DE000BU22072;GERMANIA 10/12/2026 2% ;10/12/2026;EUR;GOV_DE;Germania;AAA;Aaa;;1;Senior;25/09/2026;LP;99,9;25000;1;2,49;0,19;2,18;2,23;0,19;-0,12;-0,12;0,02;1;12;0,02;99,661;
DE000BU22080;GERMANIA 11/03/2027 2,2%;11/03/2027;EUR;GOV_DE;Germania;AAA;Aaa;;1;Senior;25/09/2026;LP;99,769;159000;2;2,71;0,43;2,37;2,43;0,44;-0,233;-0,233;0,022;0;3;0,0221;99,873;
DE000BU22114;GERMANIA 16/12/2027 2%;16/12/2027;EUR;GOV_DE;Germania;AAA;Aaa;;1;Senior;25/09/2026;LP;98,62;358000;1;3,17;1,15;2,78;2,92;1,16;-0,274;-0,27;0,02;0;12;0,0203;100,178;
DE000BU22122;GERMANIA 15/03/2028 2,1%;15/03/2028;EUR;GOV_DE;Germania;AAA;Aaa;;1;Senior;25/09/2026;LP;98,88;30000;2;2,88;1,4;2,52;2,62;1,4;-0,625;-0,621;0,021;0;3;0,0212;99,925;
DE000BU22130;GERMANIA 14/06/2028 2,5%;14/06/2028;EUR;GOV_DE;Germania;AAA;Aaa;;1;Senior;25/09/2026;LP;98,7;47250;1;3,28;1,63;2,87;2,97;1,64;-0,273;-0,269;0,025;0;6;0,0253;100,059;
DE000BU22148;GERMANIA 13/09/2028 2,7%;13/09/2028;EUR;GOV_DE;Germania;AAA;Aaa;;1;Senior;25/09/2026;LP;98,89;224023;2;3,29;1,87;2,88;2,94;1,88;-0,3;-0,297;0,027;0;9;0,0273;99,839;
DE000BU25000;GERMANIA 13/04/2028 2,2%;13/04/2028;EUR;GOV_DE;Germania;AAA;Aaa;;1000;Senior;25/09/2026;LP;98,43;145000;2;3,25;1,47;2,85;2,97;1,48;-0,272;-0,268;0,022;1;4;0,0224;99,92;
DE000BU25018;GERMANIA 19/10/2028 2,4% ;19/10/2028;EUR;GOV_DE;Germania;AAA;Aaa;;1;Senior;25/09/2026;LP;98,25;66161;2;3,29;1,92;2,88;2,99;1,94;-0,3;-0,297;0,024;1;10;0,0244;99,92;
DE000BU25026;GERMANIA 12/04/2029 2,1%;12/04/2029;EUR;GOV_DE;Germania;AAA;Aaa;;1;Senior;25/09/2026;LP;97,1;17000;1;3,31;2,39;2,9;3,04;2,41;-0,31;-0,306;0,021;1;4;0,0216;99,88;
DE000BU25034;GERMANIA 11/10/2029 2,5% ;11/10/2029;EUR;GOV_DE;Germania;AAA;Aaa;;1;Senior;25/09/2026;LP;97,61;33078;1;3,34;2,79;2,93;3,02;2,82;-0,288;-0,285;0,025;1;10;0,0256;100,51;
DE000BU25042;GERMANIA 18/04/2030 2,4% ;18/04/2030;EUR;GOV_DE;Germania;AAA;Aaa;;1;Senior;25/09/2026;RP;96,78;0;1;3,37;3,3;2,96;3,07;3,32;-0,257;-0,253;0,024;1;4;0,0248;99,87;
DE000BU25059;GERMANIA 10/10/2030 2,2%;10/10/2030;EUR;GOV_DE;Germania;AAA;Aaa;;1;Senior;25/09/2026;RP;95,63;0;1;3,38;3,67;2,96;3,09;3,71;-0,254;-0,252;0,022;0;10;0,023;99,72;
DE000BU25067;GERMANIA 16/04/2031 2,5%;16/04/2031;EUR;GOV_DE;Germania;AAA;Aaa;;1;Senior;25/09/2026;LP;96,24;51700;1;3,4;4,14;2,98;3,08;4,18;-0,23;-0,227;0,025;0;4;0,026;100,16;
DE000BU25075;GERMANIA 08/10/2031 2,9%;08/10/2031;EUR;GOV_DE;Germania;AAA;Aaa;;1;Senior;25/09/2026;LP;98,7;157000;1;3,22;4,57;2,82;2,85;4,62;-0,409;-0,406;0,029;0;10;0,0294;100,02;
DE000BU27006;GERMANIA 15/11/2030 2,4%;15/11/2030;EUR;GOV_DE;Germania;AAA;Aaa;;1000;Senior;25/09/2026;LP;96,25;433227;2;3,39;3,77;2,97;3,07;3,8;-0,244;-0,242;0,024;1;11;0,0249;99,63;
DE000BU27014;GERMANIA 15/11/2032 2,5%;15/11/2032;EUR;GOV_DE;Germania;AAA;Aaa;;1;Senior;25/09/2026;LP;94,81;182000;1;3,45;5,4;3,03;3,13;5,48;-0,172;-0,17;0,025;0;11;0,0264;100,26;
DE000BU2D004;GERMANIA 15/08/2054 2,5%;15/08/2054;EUR;GOV_DE;Germania;AAA;Aaa;;1;Senior;25/09/2026;LP;76,09;8000;1;3,93;18,34;3,48;3,55;19,24;0,468;0,422;0,025;1;8;0,0329;99,196;
DE000BU2D012;GERMANIA 15/08/2056 2,9%;15/08/2056;EUR;GOV_DE;Germania;AAA;Aaa;;1;Senior;25/09/2026;LP;82,77;349000;2;3,88;18,53;3,43;3,46;19,56;0,466;0,402;0,029;0;8;0,035;96,142;
DE000BU2F009;GERMANIA 15/05/2041 2,6%;15/05/2041;EUR;GOV_DE;Germania;AAA;Aaa;;1;Senior;25/09/2026;LP;86,66;1000;1;3,81;11,58;3,35;3,45;11,89;0,156;0,159;0,026;1;5;0,03;100,78;
DE000BU2T000;GERMANIA 15/05/2047 3,4%;15/05/2047;EUR;GOV_DE;Germania;AAA;Aaa;;1;Senior;25/09/2026;LP;92,93;19000;1;3,9;14,04;3,43;3,46;14,68;0,302;0,293;0,034;0;5;0,0366;99,921;
DE000BU2Z007;GERMANIA 15/02/2033 2,3%;15/02/2033;EUR;GOV_DE;Germania;AAA;Aaa;;1000;Senior;25/09/2026;LP;93,33;7000;2;3,48;5,71;3,06;3,18;5,78;-0,142;-0,14;0,023;1;2;0,0246;100,41;
DE000BU2Z015;GERMANIA 15/08/2033 2,6%;15/08/2033;EUR;GOV_DE;Germania;AAA;Aaa;;1000;Senior;25/09/2026;LP;94,63;10000;2;3,49;6,13;3,06;3,15;6,22;-0,132;-0,131;0,026;1;8;0,0275;99,61;
DE000BU2Z023;GERMANIA 15/02/2034 2,2%;15/02/2034;EUR;GOV_DE;Germania;AAA;Aaa;;1;Senior;25/09/2026;RP;91,46;0;1;3,53;6,54;3,11;3,24;6,63;-0,091;-0,089;0,022;1;2;0,0241;100,06;
DE000BU2Z031;GERMANIA 15/08/2034 2,6% ;15/08/2034;EUR;GOV_DE;Germania;AAA;Aaa;;1;Senior;25/09/2026;LP;93,63;46000;1;3,54;6,93;3,11;3,2;7,03;-0,086;-0,085;0,026;1;8;0,0278;99,76;
DE000BU2Z049;GERMANIA 15/02/2035 2,5% ;15/02/2035;EUR;GOV_DE;Germania;AAA;Aaa;;1;Senior;25/09/2026;LP;92,53;25000;1;3,54;7,25;3,11;3,22;7,37;-0,086;-0,084;0,025;0;2;0,027;99,9;
DE000BU2Z056;GERMANIA 15/08/2035 2,6%;15/08/2035;EUR;GOV_DE;Germania;AAA;Aaa;;1;Senior;25/09/2026;LP;92,69;50000;1;3,57;7,7;3,14;3,23;7,83;-0,061;-0,058;0,026;0;8;0,0281;99,77;
DE000BU2Z064;GERMANIA 15/02/2036 2,9%;15/02/2036;EUR;GOV_DE;Germania;AAA;Aaa;;1;Senior;25/09/2026;LP;94,59;595000;2;3,59;7,86;3,15;3,21;8,02;-0,055;-0,051;0,029;0;2;0,0307;100,6;
DE000BU2Z072;GERMANIA 15/08/2036 3%;15/08/2036;EUR;GOV_DE;Germania;AAA;Aaa;;1;Senior;25/09/2026;LP;95;597701;2;3,61;8,3;3,17;3,21;8,47;-0,04;-0,036;0,03;0;8;0,0316;99,2;
DE000BU35025;GERMANIA GREEN BOND 12/04/2029 2,1% ;12/04/2029;EUR;GOV_DE;Germania;AAA;Aaa;;1;Senior;25/09/2026;LP;97,08;10000;1;3,32;2,39;2,91;3;2,41;-0,301;-0,298;0,021;1;4;0,0216;97,9;
DE000BU3F007;GERMANIA GREEN BOND 15/05/2041 2,6%;15/05/2041;EUR;GOV_DE;Germania;AAA;Aaa;;1;Senior;25/09/2026;RP;86,5;0;1;3,82;11,57;3,37;3,42;11,89;0,172;0,174;0,026;1;5;0,0301;93,552;
DE000BU3Z005;GERMANIA GREEN BOND 15/02/2033 2,3%;15/02/2033;EUR;GOV_DE;Germania;AAA;Aaa;;1000;Senior;25/09/2026;LP;93,49;170241;1;3,45;5,71;3,03;3,14;5,78;-0,171;-0,17;0,023;1;2;0,0246;98,708;
DE000BU3Z047;GERMANIA GREEN BOND 15/02/2035 2,5%;15/02/2035;EUR;GOV_DE;Germania;AAA;Aaa;;1;Senior;25/09/2026;RP;92,42;0;1;3,56;7,25;3,13;3,22;7,37;-0,069;-0,067;0,025;0;2;0,0271;98,98;
DE000CZ40LW5;COMMERZBANK 30/03/2027 4% JUNIOR;30/03/2027;EUR;COMMERZBANK;Commerzbank AG;;;;1000;Junior;25/09/2026;LP;100,36;7000;1;3,23;0,48;2,19;2,19;0,49;0,216;0,216;0,04;1;3;0,0399;98,966;
DE000DL19T26;DEUTSCHE BANK 17/01/2028 1,75%;17/01/2028;EUR;DEUTSCHEBANK;Deutsche Bank AG;;;;100000;Senior;25/09/2026;RP;97,71;0;0;3,58;1,24;2,66;3,1;1,25;0,108;0,112;0,0175;1;1;0,0179;99,185;
ES0000011868;SPAGNA 31/01/2029 6%;31/01/2029;EUR;GOV_ES;Spagna;A+;A3;;1000;Senior;25/09/2026;LP;105,69;2744;1;3,42;2,11;2,7;2,7;2,14;-0,192;-0,18;0,06;1;1;0,0568;94,846;
ES00000120N0;SPAGNA 30/07/2040 4,9%;30/07/2040;EUR;GOV_ES;Spagna;A+;A3;;1000;Senior;25/09/2026;RP;106,24;0;1;4,29;9,98;3,7;3,7;10,37;0,639;0,644;0,049;1;7;0,0461;99,655;
ES00000121S7;SPAGNA 30/07/2041 4,7%;30/07/2041;EUR;GOV_ES;Spagna;A+;A3;;1000;Senior;25/09/2026;RP;103,92;0;1;4,33;10,55;3,76;3,76;10,98;0,686;0,69;0,047;1;7;0,0452;99,753;
ES0000012411;SPAGNA 30/07/2032 5,75%;30/07/2032;EUR;GOV_ES;Spagna;A+;A3;;1000;Senior;25/09/2026;LP;110,45;1000;1;3,72;4,93;3,04;3,04;5,04;0,095;0,098;0,0575;1;7;0,0521;93,718;
ES00000124C5;SPAGNA 31/10/2028 5,15%;31/10/2028;EUR;GOV_ES;Spagna;A+;A3;;1000;Senior;25/09/2026;LP;103,52;50000;1;3,37;1,88;2,74;2,74;1,91;-0,224;-0,217;0,0515;1;10;0,0497;99,57;
ES00000124H4;SPAGNA 31/10/2044 5,15%;31/10/2044;EUR;GOV_ES;Spagna;A+;A3;;1000;Senior;25/09/2026;LP;109,52;1000;1;4,38;11,46;3,77;3,77;12,08;0,753;0,748;0,0515;1;10;0,047;99,046;
ES00000126D8;SPAGNA 31/10/2064 4%;31/10/2064;EUR;GOV_ES;Spagna;A+;A3;;1000;Senior;25/09/2026;RP;95,36;0;1;4,25;18,24;3,72;3,73;19,77;0,984;0,837;0,04;1;10;0,0419;99,602;
ES00000127A2;SPAGNA 30/07/2030 1,95%;30/07/2030;EUR;GOV_ES;Spagna;A+;A3;;1000;Senior;25/09/2026;LP;94,38;5000;1;3,54;3,59;3,11;3,29;3,61;-0,089;-0,087;0,0195;1;7;0,0207;99,596;
ES00000128C6;SPAGNA 31/10/2046 2,9%;31/10/2046;EUR;GOV_ES;Spagna;A+;A3;;1000;Senior;25/09/2026;LP;80,35;10000;1;4,39;13,8;3,88;3,97;14,41;0,784;0,777;0,029;1;10;0,0361;98,931;
ES00000128E2;SPAGNA 30/07/2066 3,45%;30/07/2066;EUR;GOV_ES;Spagna;A+;A3;;1000;Senior;25/09/2026;LP;79,58;701000;2;4,57;19,09;4,03;4,06;20,68;1,341;1,182;0,0345;1;7;0,0434;98,998;
ES00000128H5;SPAGNA 31/10/2026 1,3%;31/10/2026;EUR;GOV_ES;Spagna;A+;A3;;1000;Senior;25/09/2026;LP;99,888;5000;1;2,58;0,09;2,26;2,42;0,09;-0,034;-0,034;0,013;1;10;0,013;99,862;
ES00000128P8;SPAGNA 30/04/2027 1,5%;30/04/2027;EUR;GOV_ES;Spagna;A+;A3;;1000;Senior;25/09/2026;LP;99,19;25000;2;2,91;0,57;2,55;2,72;0,57;-0,186;-0,186;0,015;1;4;0,0151;99,93;
ES00000128Q6;SPAGNA 30/07/2033 2,35%;30/07/2033;EUR;GOV_ES;Spagna;A+;A3;;1000;Senior;25/09/2026;LP;91,25;20000;1;3,83;6,11;3,37;3,52;6,18;0,205;0,206;0,0235;1;7;0,0258;99,43;
ES0000012932;SPAGNA 31/01/2037 4,2%;31/01/2037;EUR;GOV_ES;Spagna;A+;A3;;1000;Senior;25/09/2026;LP;100,8;16000;1;4,1;8,05;3,58;3,58;8,29;0,451;0,457;0,042;1;1;0,0417;98,85;
ES0000012A89;SPAGNA 31/10/2027 1,45%;31/10/2027;EUR;GOV_ES;Spagna;A+;A3;;1000;Senior;25/09/2026;LP;98,19;811000;1;3,17;1,04;2,77;2,98;1,04;-0,238;-0,237;0,0145;1;10;0,0148;99,249;
ES0000012B39;SPAGNA 30/04/2028 1,4%;30/04/2028;EUR;GOV_ES;Spagna;A+;A3;;1000;Senior;25/09/2026;LP;97,12;73000;1;3,29;1,52;2,88;3,11;1,53;-0,246;-0,244;0,014;1;4;0,0144;99,513;
ES0000012B47;SPAGNA 31/10/2048 2,7%;31/10/2048;EUR;GOV_ES;Spagna;A+;A3;;1000;Senior;25/09/2026;RP;75,33;0;1;4,48;14,82;3,97;4,08;15,52;0,903;0,889;0,027;1;10;0,0358;99,465;
ES0000012B88;SPAGNA 30/07/2028 1,4%;30/07/2028;EUR;GOV_ES;Spagna;A+;A3;;1000;Senior;25/09/2026;LP;96,55;169000;1;3,37;1,76;2,95;3,18;1,77;-0,205;-0,203;0,014;1;7;0,0145;99,467;
ES0000012E51;SPAGNA 30/04/2029 1,45%;30/04/2029;EUR;GOV_ES;Spagna;A+;A3;;1000;Senior;25/09/2026;LP;95,25;38000;1;3,4;2,46;2,98;3,21;2,47;-0,221;-0,218;0,0145;1;4;0,0152;99,889;
ES0000012E69;SPAGNA 30/07/2035 1,85%;30/07/2035;EUR;GOV_ES;Spagna;A+;A3;;1000;Senior;25/09/2026;LP;84,29;90000;1;4;7,82;3,53;3,73;7,92;0,36;0,361;0,0185;1;7;0,0219;98,808;
ES0000012F43;SPAGNA 31/10/2029 0,6%;31/10/2029;EUR;GOV_ES;Spagna;A+;A3;;1000;Senior;25/09/2026;LP;91,73;81000;1;3,47;2,95;3,05;3,39;2,95;-0,159;-0,158;0,006;1;10;0,0065;99,71;
ES0000012F76;SPAGNA 30/04/2030 0,5%;30/04/2030;EUR;GOV_ES;Spagna;A+;A3;;1000;Senior;25/09/2026;LP;89,99;46000;1;3,52;3,43;3,1;3,45;3,44;-0,11;-0,109;0,005;1;4;0,0056;99,751;
ES0000012G00;SPAGNA 31/10/2050 1%;31/10/2050;EUR;GOV_ES;Spagna;A+;A3;;1000;Senior;25/09/2026;LP;49,25;22000;1;4,49;18,86;4,06;4,3;19,36;0,952;0,94;0,01;1;10;0,0203;98,154;
ES0000012G26;SPAGNA 30/07/2027 0,8%;30/07/2027;EUR;GOV_ES;Spagna;A+;A3;;1000;Senior;25/09/2026;LP;98,166;45000;2;3,06;0,81;2,68;2,96;0,81;-0,233;-0,233;0,008;1;7;0,0081;99,703;
ES0000012G34;SPAGNA 31/10/2030 1,25%;31/10/2030;EUR;GOV_ES;Spagna;A+;A3;;1000;Senior;25/09/2026;LP;91,34;15000;1;3,56;3,82;3,13;3,39;3,84;-0,068;-0,067;0,0125;1;10;0,0137;99,456;
ES0000012G42;SPAGNA 31/10/2040 1,2% ;31/10/2040;EUR;GOV_ES;Spagna;A+;A3;;1000;Senior;25/09/2026;RP;67,6;0;1;4,32;12,03;3,85;4,13;12,23;0,666;0,667;0,012;1;10;0,0178;99,09;
ES0000012H41;SPAGNA 30/04/2031 0,1%;30/04/2031;EUR;GOV_ES;Spagna;A+;A3;;1000;Senior;25/09/2026;LP;85,4;18000;2;3,61;4,41;3,19;3,6;4,42;-0,018;-0,018;0,001;1;4;0,0012;99,857;
ES0000012H58;SPAGNA 31/10/2071 1,45%;31/10/2071;EUR;GOV_ES;Spagna;A+;A3;;1000;Senior;25/09/2026;LP;42,06;25000;2;4,45;23,94;4,01;4,11;25,77;1,319;1,181;0,0145;1;10;0,0345;99,713;
ES0000012I08;SPAGNA 31/01/2028 0%;31/01/2028;EUR;GOV_ES;Spagna;A+;A3;;1000;Senior;25/09/2026;LP;95,85;458000;2;3,21;1,3;2,81;3,21;1,3;-0,264;-0,264;0;1;1;0;100,004;
ES0000012I24;SPAGNA 30/07/2037 0,85% ;30/07/2037;EUR;GOV_ES;Spagna;A+;A3;;1000;Senior;25/09/2026;RP;71,46;0;1;4,18;9,86;3,72;4,05;9,94;0,53;0,531;0,0085;1;7;0,0119;99,442;
ES0000012I32;SPAGNA 31/10/2031 0,5% ;31/10/2031;EUR;GOV_ES;Spagna;A+;A3;;1000;Senior;25/09/2026;LP;85,68;10000;1;3,63;4,83;3,2;3,56;4,84;0,002;0,002;0,005;1;10;0,0058;99,579;
ES0000012J07;SPAGNA GREEN BOND 30/07/2042 1%;30/07/2042;EUR;GOV_ES;Spagna;A+;A3;;1000;Senior;25/09/2026;RP;61,87;0;1;4,39;13,69;3,93;4,22;13,88;0,75;0,751;0,01;1;7;0,0162;99,365;
ES0000012J15;SPAGNA 31/01/2027 0%;31/01/2027;EUR;GOV_ES;Spagna;A+;A3;;1000;Senior;25/09/2026;LP;99,063;1620000;3;2,81;0,33;2,46;2,81;0,33;0,054;0,054;0;1;1;0;100,475;
ES0000012K20;SPAGNA 30/04/2032 0,7%;30/04/2032;EUR;GOV_ES;Spagna;A+;A3;;1000;Senior;25/09/2026;LP;85,08;553000;1;3,71;5,28;3,27;3,6;5,29;0,078;0,079;0,007;1;4;0,0082;99,478;
ES0000012K46;SPAGNA 31/10/2052 1,9%;31/10/2052;EUR;GOV_ES;Spagna;A+;A3;;1000;Senior;25/09/2026;LP;60,58;208000;1;4,5;17,64;4,02;4,17;18,45;1,002;0,971;0,019;1;10;0,0314;99,934;
ES0000012K53;SPAGNA 30/07/2029 0,8% ;30/07/2029;EUR;GOV_ES;Spagna;A+;A3;;1000;Senior;25/09/2026;RP;92,85;0;2;3,49;2,71;3,07;3,39;2,72;-0,133;-0,132;0,008;1;7;0,0086;100,978;
ES0000012K61;SPAGNA 31/10/2032 2,55%;31/10/2032;EUR;GOV_ES;Spagna;A+;A3;;1000;Senior;25/09/2026;LP;93,64;23000;1;3,74;5,36;3,28;3,4;5,44;0,112;0,113;0,0255;1;10;0,0272;99,987;
ES0000012K95;SPAGNA 30/07/2043 3,45%;30/07/2043;EUR;GOV_ES;Spagna;A+;A3;;1000;Senior;25/09/2026;LP;88,6;136000;2;4,42;12,15;3,89;3,96;12,62;0,79;0,789;0,0345;1;7;0,0389;99,291;
ES0000012L52;SPAGNA 30/04/2033 3,15%;30/04/2033;EUR;GOV_ES;Spagna;A+;A3;;1000;Senior;25/09/2026;LP;96,32;40000;1;3,79;5,74;3,32;3,38;5,83;0,166;0,168;0,0315;1;4;0,0327;99,763;
ES0000012L60;SPAGNA 30/07/2039 3,9%;30/07/2039;EUR;GOV_ES;Spagna;A+;A3;;1000;Senior;25/09/2026;LP;96,56;129000;1;4,25;9,8;3,73;3,75;10,12;0,601;0,606;0,039;1;7;0,0404;99,982;
ES0000012L78;SPAGNA 31/10/2033 3,55%;31/10/2033;EUR;GOV_ES;Spagna;A+;A3;;1000;Senior;25/09/2026;LP;98,17;75000;1;3,85;5,95;3,37;3,4;6,08;0,225;0,227;0,0355;1;10;0,0362;99,963;
ES0000012M51;SPAGNA 31/05/2029 3,5%;31/05/2029;EUR;GOV_ES;Spagna;A+;A3;;1000;Senior;25/09/2026;LP;100,1;105000;1;3,45;2,48;3;3;2,51;-0,168;-0,162;0,035;1;5;0,035;99,29;
ES0000012M77;SPAGNA 31/05/2027 2,5%;31/05/2027;EUR;GOV_ES;Spagna;A+;A3;;1000;Senior;25/09/2026;LP;99,678;176000;2;2,98;0,65;2,61;2,66;0,65;-0,192;-0,192;0,025;1;5;0,0251;99,742;
ES0000012M85;SPAGNA 30/04/2034 3,25%;30/04/2034;EUR;GOV_ES;Spagna;A+;A3;;1000;Senior;25/09/2026;LP;95,73;66000;1;3,91;6,48;3,43;3,49;6,6;0,284;0,286;0,0325;1;4;0,0339;99,92;
ES0000012M93;SPAGNA 31/10/2054 4%;31/10/2054;EUR;GOV_ES;Spagna;A+;A3;;1000;Senior;25/09/2026;LP;91,49;300000;2;4,54;15,5;3,99;4,01;16,57;1,088;1,022;0,04;1;10;0,0437;99,974;
ES0000012N35;SPAGNA 31/10/2034 3,45% ;31/10/2034;EUR;GOV_ES;Spagna;A+;A3;;1000;Senior;25/09/2026;RP;96,63;0;2;3,94;6,69;3,46;3,5;6,84;0,316;0,318;0,0345;1;10;0,0357;99,816;
ES0000012N43;SPAGNA 30/07/2031 3,1% ;30/07/2031;EUR;GOV_ES;Spagna;A+;A3;;1000;Senior;25/09/2026;LP;97,75;140000;1;3,61;4,38;3,17;3,22;4,43;-0,018;-0,015;0,031;1;7;0,0317;99,799;
ES0000012O00;SPAGNA 31/01/2030 2,7% ;31/01/2030;EUR;GOV_ES;Spagna;A+;A3;;1000;Senior;25/09/2026;LP;97,4;29000;2;3,54;3,07;3,1;3,19;3,1;-0,095;-0,09;0,027;1;1;0,0277;99,769;
ES0000012O59;SPAGNA 31/05/2028 2,4% ;31/05/2028;EUR;GOV_ES;Spagna;A+;A3;;1000;Senior;25/09/2026;LP;98,54;69000;2;3,31;1,59;2,89;2,98;1,6;-0,245;-0,241;0,024;1;5;0,0244;99,412;
ES0000012O67;SPAGNA 30/04/2035 3,15% ;30/04/2035;EUR;GOV_ES;Spagna;A+;A3;;1000;Senior;25/09/2026;LP;94,19;34000;2;3,96;7,23;3,48;3,55;7,38;0,327;0,33;0,0315;1;4;0,0334;99,75;
ES0000012O75;SPAGNA 31/01/2041 3,5%;31/01/2041;EUR;GOV_ES;Spagna;A+;A3;;1000;Senior;25/09/2026;LP;91,1;26000;1;4,35;10,62;3,82;3,88;11;0,694;0,699;0,035;0;1;0,0384;99,824;
ES0000012P33;SPAGNA 31/10/2035 3,2%;31/10/2035;EUR;GOV_ES;Spagna;A+;A3;;1000;Senior;25/09/2026;LP;93,85;50000;1;4,02;7,45;3,53;3,6;7,62;0,382;0,385;0,032;1;10;0,0341;99,707;
ES0000012P74;SPAGNA 31/01/2033 3%;31/01/2033;EUR;GOV_ES;Spagna;A+;A3;;1000;Senior;25/09/2026;RP;95,62;0;1;3,79;5,53;3,32;3,4;5,62;0,164;0,166;0,03;0;1;0,0314;100,514;
ES0000012P90;SPAGNA 31/03/2029 2,35%;31/03/2029;EUR;GOV_ES;Spagna;A+;A3;;1000;Senior;25/09/2026;LP;97,36;73000;2;3,47;2,35;3,04;3,17;2,37;-0,151;-0,147;0,0235;0;3;0,0241;100,01;
ES0000012Q08;SPAGNA 30/04/2036 3,3%;30/04/2036;EUR;GOV_ES;Spagna;A+;A3;;1000;Senior;25/09/2026;LP;94,36;6000;1;4,02;7,9;3,53;3,59;8,08;0,372;0,376;0,033;0;4;0,035;99,813;
ES0000012Q16;SPAGNA 31/05/2031 2,6%;31/05/2031;EUR;GOV_ES;Spagna;A+;A3;;1000;Senior;25/09/2026;RP;95,56;0;1;3,65;4,26;3,2;3,32;4,3;0,017;0,02;0,026;0;5;0,0272;100,104;
ES0000012R56;SPAGNA 31/10/2056 3,95%;31/10/2056;EUR;GOV_ES;Spagna;A+;A3;;1000;Senior;25/09/2026;RP;89,85;0;1;4,58;16,25;4,02;4,04;17,41;1,163;1,081;0,0395;0;10;0,044;99,491;
ES0000012S22;SPAGNA 31/10/2036 3,4%;31/10/2036;EUR;GOV_ES;Spagna;A+;A3;;1000;Senior;25/09/2026;LP;94,43;81000;1;4,08;8,22;3,58;3,64;8,42;0,435;0,439;0,034;0;10;0,036;99,6;
ES0000012S30;SPAGNA GREEN BOND 30/07/2047 4,25%;30/07/2047;EUR;GOV_ES;Spagna;A+;A3;;1000;Senior;25/09/2026;LP;97,82;5000;1;4,41;13,52;3,86;3,87;14,21;0,814;0,802;0,0425;0;7;0,0434;99,764;
EU000A18YZ05;EUROPEAN UNION 04/04/2036 1,125%;04/04/2036;EUR;SOV_EU;European Union;AA+;;;1000;Senior;25/09/2026;LP;77,88;4000;1;3,96;8,6;3,51;3,8;8,68;0,315;0,316;0,01125;1;4;0,0144;99,412;
EU000A18Z2D4;EUROPEAN UNION 04/04/2031 0,75%;04/04/2031;EUR;SOV_EU;European Union;AA+;;;1000;Senior;25/09/2026;LP;88,34;13000;1;3,59;4,28;3,17;3,48;4,29;-0,037;-0,036;0,0075;1;4;0,0085;98,294;
EU000A1G0AJ7;EFSF 30/03/2032 3,875%;30/03/2032;EUR;SOV_EFSF;European Financial Stability Facility;AA+;;;1000;Senior;25/09/2026;RP;100,48;0;1;3,77;4,79;3,29;3,29;4,87;0,144;0,147;0,03875;1;3;0,0386;98,894;
EU000A1G0AT6;EFSF 03/04/2037 3,375%;03/04/2037;EUR;SOV_EFSF;European Financial Stability Facility;AA+;;;1000;Senior;25/09/2026;RP;94,67;0;1;4;8,48;3,52;3,57;8,7;0,355;0,359;0,03375;1;4;0,0357;99,265;
EU000A1G0BJ5;EFSF 04/09/2034 3%;04/09/2034;EUR;SOV_EFSF;European Financial Stability Facility;AA+;;;1000;Senior;25/09/2026;LP;94,11;104000;1;3,88;6,87;3,4;3,49;6,98;0,249;0,251;0,03;1;9;0,0319;99,34;
EU000A1G0BL1;EFSF 03/12/2029 2,75%;03/12/2029;EUR;SOV_EFSF;European Financial Stability Facility;AA+;;;1000;Senior;25/09/2026;LP;97,6;87000;1;3,56;2,91;3,12;3,21;2,94;-0,07;-0,066;0,0275;1;12;0,0282;99,898;
EU000A1G0D70;EFSF 14/02/2028 0,95%;14/02/2028;EUR;SOV_EFSF;European Financial Stability Facility;AA+;;;1000;Senior;25/09/2026;LP;97;5000;1;3,21;1,33;2,81;3,08;1,33;-0,281;-0,279;0,0095;1;2;0,0098;99,574;
EU000A1G0D88;EFSF 16/10/2026 0,625%;16/10/2026;EUR;SOV_EFSF;European Financial Stability Facility;AA+;;;1000;Senior;25/09/2026;RP;99,924;0;1;2,27;0,05;1,99;2,19;0,05;-0,345;-0,345;0,00625;1;10;0,0063;99,786;
EU000A1G0D96;EUROPEAN FINANCIAL STABILITY FACILITY 17/07/2053 1,75%;17/07/2053;EUR;SOV_EFSF;European Financial Stability Facility;AA+;;;1000;Senior;25/09/2026;LP;62,93;3000;1;4,04;19,07;3,61;3,75;19,83;0,559;0,528;0,0175;1;7;0,0278;99,818;
EU000A1G0DB8;EFSF 29/07/2044 2,35%;29/07/2044;EUR;SOV_EFSF;European Financial Stability Facility;AA+;;;1000;Senior;25/09/2026;RP;77,73;0;1;4,14;13,63;3,67;3,8;14,06;0,514;0,512;0,0235;1;7;0,0302;99,108;
EU000A1G0DD4;EFSF 17/02/2045 1,2%;17/02/2045;EUR;SOV_EFSF;European Financial Stability Facility;AA+;;;1000;Senior;25/09/2026;RP;62,32;0;1;4,18;15,17;3,74;3,98;15,49;0,554;0,553;0,012;1;2;0,0193;99,276;
EU000A1G0DJ1;EFSF 31/05/2047 1,375%;31/05/2047;EUR;SOV_EFSF;European Financial Stability Facility;AA+;;;1000;Senior;25/09/2026;RP;62,14;0;1;4,13;16,45;3,7;3,9;16,87;0,534;0,529;0,01375;1;5;0,0221;98,78;
EU000A1G0DN3;EFSF 28/02/2056 2%;28/02/2056;EUR;SOV_EFSF;European Financial Stability Facility;AA+;;;1000;Senior;25/09/2026;RP;64,6;0;1;4,09;19,34;3,65;3,76;20,3;0,663;0,615;0,02;1;2;0,031;98,67;
EU000A1G0DR4;EFSF 03/05/2027 0,75%;03/05/2027;EUR;SOV_EFSF;European Financial Stability Facility;AA+;;;1000;Senior;25/09/2026;RP;98,789;0;1;2,84;0,58;2,48;2,74;0,58;-0,267;-0,267;0,0075;1;5;0,0076;99,254;
EU000A1G0DT0;EFSF 24/05/2033 1,25%;24/05/2033;EUR;SOV_EFSF;European Financial Stability Facility;AA+;;;1000;Senior;25/09/2026;RP;85,12;0;1;3,83;6,13;3,38;3,65;6,18;0,202;0,203;0,0125;1;5;0,0147;98,982;
EU000A1G0DW4;EFSF 10/07/2048 1,8%;10/07/2048;EUR;SOV_EFSF;European Financial Stability Facility;AA+;;;1000;Senior;25/09/2026;RP;66,53;0;1;4,17;16,42;3,72;3,88;16,95;0,583;0,574;0,018;1;7;0,0271;98,968;
EU000A1G0DY0;EFSF 26/07/2027 0,875%;26/07/2027;EUR;SOV_EFSF;European Financial Stability Facility;AA+;;;1000;Senior;25/09/2026;LP;98,107;30000;1;3,24;0,8;2,84;3,13;0,8;-0,045;-0,045;0,00875;1;7;0,0089;99,449;
EU000A1G0ED2;EFSF 10/04/2035 0,875% ;10/04/2035;EUR;SOV_EFSF;European Financial Stability Facility;AA+;;;1000;Senior;25/09/2026;RP;78,13;0;0;3,94;7,86;3,5;3,81;7,91;0,312;0,313;0,00875;1;4;0,0112;98,877;
EU000A1G0EE0;EFSF 17/10/2029 0,05%;17/10/2029;EUR;SOV_EFSF;European Financial Stability Facility;AA+;;;1000;Senior;25/09/2026;LP;90,05;17000;1;3,55;2,94;3,12;3,54;2,94;-0,079;-0,079;0,0005;1;10;0,0006;99,908;
EU000A1G0EG5;EUROPEAN FINANCIAL STABILITY FACILITY 20/01/2050 0,7%;20/01/2050;EUR;SOV_EFSF;European Financial Stability Facility;AA+;;;1000;Senior;25/09/2026;RP;50,41;0;0;4,02;19,65;3,63;3,88;19,99;0,461;0,454;0,007;1;1;0,0139;98,502;
EU000A1G0EP6;EFSF 18/03/2030 0,125% ;18/03/2030;EUR;SOV_EFSF;European Financial Stability Facility;AA+;;;1000;Senior;25/09/2026;LP;88,82;8000;1;3,61;3,34;3,18;3,6;3,34;-0,016;-0,016;0,00125;1;3;0,0014;99,805;
EU000A1G1Q17;EUROPEAN UNION 04/04/2032 3,375%;04/04/2032;EUR;SOV_EU;European Union;AA+;;;1000;Senior;25/09/2026;LP;98,86;79000;1;3,6;4,87;3,15;3,18;4,94;-0,025;-0,022;0,03375;1;4;0,0341;99,693;
EU000A1G30R0;EUROPEAN UNION 04/04/2038 3,375%;04/04/2038;EUR;SOV_EU;European Union;AA+;;;1000;Senior;25/09/2026;RP;93,41;0;1;4,1;9,12;3,6;3,66;9,37;0,454;0,458;0,03375;1;4;0,0361;99,102;
EU000A1G6TV9;EUROPEAN UNION 04/04/2028 2,875%;04/04/2028;EUR;SOV_EU;European Union;AA+;;;1000;Senior;25/09/2026;LP;99,22;71000;1;3,4;1,44;2,98;3,04;1,45;-0,121;-0,116;0,02875;1;4;0,029;99,982;
EU000A1GY6W8;EUROPEAN UNION 04/04/2042 3,75%;04/04/2042;EUR;SOV_EU;European Union;AA+;;;1000;Senior;25/09/2026;LP;94,07;28000;1;4,28;11,21;3,76;3,79;11,65;0,635;0,637;0,0375;1;4;0,0399;99,483;
EU000A1HBXS7;EUROPEAN UNION 04/11/2027 2,5%;04/11/2027;EUR;SOV_EU;European Union;AA+;;;1000;Senior;25/09/2026;LP;99,49;97000;1;2,98;1,04;2,61;2,65;1,05;-0,434;-0,432;0,025;1;11;0,0251;98,514;
EU000A1U9936;EUROPEAN STABILITY MECHANISM 01/12/2055 1,85%;01/12/2055;EUR;SOV_ESM;European Stability Mechanism;AA+;;;1000;Senior;25/09/2026;RP;64,79;0;0;3,89;19,68;3,47;3,58;20,59;0,458;0,414;0,0185;1;12;0,0286;99,636;
EU000A1Z6TV6;EUROPEAN UNION 04/10/2035 1,5%;04/10/2035;EUR;SOV_EU;European Union;AA+;;;1000;Senior;25/09/2026;RP;82,13;0;1;3,89;7,97;3,44;3,67;8,07;0,251;0,252;0,015;1;10;0,0183;98,483;
EU000A1Z99A1;EUROPEAN STABILITY MECHANISM 02/11/2046 1,8%;02/11/2046;EUR;SOV_ESM;European Stability Mechanism;AA+;;;1000;Senior;25/09/2026;RP;69,31;0;0;4,06;15,27;3,62;3,78;15,75;0,457;0,452;0,018;1;11;0,026;98,867;
EU000A1Z99B9;EUROPEAN STABILITY MECHANISM 15/03/2027 0,75%;15/03/2027;EUR;SOV_ESM;European Stability Mechanism;AA+;;;1000;Senior;25/09/2026;RP;99,642;0;1;1,54;0,45;1,35;1,44;0,45;-1,422;-1,422;0,0075;1;3;0,0075;99,837;
EU000A1Z99Q7;EUROPEAN STABILITY MECHANISM 23/06/2027 1%;23/06/2027;EUR;SOV_ESM;European Stability Mechanism;AA+;;;1;Senior;25/09/2026;RP;98,591;0;1;2,97;0,71;2,6;2,83;0,71;-0,253;-0,253;0,01;1;6;0,0101;99,488;
EU000A1Z99R5;EUROPEAN STABILITY MECHANISM 15/03/2028 3%;15/03/2028;EUR;SOV_ESM;European Stability Mechanism;AA+;;;1000;Senior;25/09/2026;RP;99,98;0;1;3;1,39;2,63;2,63;1,4;-0,507;-0,501;0,03;1;3;0,03;99,947;
EU000A1Z99S3;EUROPEAN STABILITY MECHANISM 23/08/2033 3%;23/08/2033;EUR;SOV_ESM;European Stability Mechanism;AA+;;;1;Senior;25/09/2026;RP;95,81;0;1;3,7;6,08;3,24;3,31;6,17;0,075;0,076;0,03;1;8;0,0313;99,6;
EU000A1Z99T1;EUROPEAN STABILITY MECHANISM 18/09/2029 2,625%;18/09/2029;EUR;SOV_EU;European Union;AA+;;;1;Senior;25/09/2026;RP;97,33;0;1;3,59;2,79;3,14;3,25;2,81;-0,04;-0,037;0,02625;1;9;0,027;99,771;
EU000A1Z99U9;EUROPEAN STABILITY MECHANISM 15/09/2034 2,75% ;15/09/2034;EUR;SOV_ESM;European Stability Mechanism;AA+;;;1;Senior;25/09/2026;RP;93,24;0;0;3,75;6,96;3,29;3,38;7,07;0,12;0,122;0,0275;1;9;0,0295;99,362;
EU000A1Z99W5;EUROPEAN STABILITY MECHANISM 26/02/2035 2,75%;26/02/2035;EUR;SOV_ESM;European Stability Mechanism;AA+;;;1;Senior;25/09/2026;RP;93,35;0;0;3,68;7,2;3,23;3,31;7,33;0,052;0,054;0,0275;0;2;0,0295;99,063;
EU000A1Z99X3;EUROPEAN STABILITY MECHANISM 17/11/2028 2,125%;17/11/2028;EUR;SOV_EU;European Union;AA+;;;1;Senior;25/09/2026;RP;97,2;0;1;3,51;2;3,07;3,22;2,01;-0,091;-0,088;0,02125;1;11;0,0219;99,651;
EU000A1Z99Y1;EUROPEAN STABILITY MECHANISM 25/02/2036 3%;25/02/2036;EUR;SOV_ESM;European Stability Mechanism;AA+;;;1;Senior;25/09/2026;RP;93,23;0;1;3,87;7,83;3,4;3,47;8;0,227;0,231;0,03;0;2;0,0322;99,257;
EU000A1Z99Z8;EUROPEAN STABILITY MECHANISM 02/06/2031 2,75%;02/06/2031;EUR;SOV_ESM;European Stability Mechanism;AA+;;;1;Senior;25/09/2026;RP;96,12;0;1;3,67;4,25;3,21;3,3;4,3;0,034;0,037;0,0275;1;6;0,0286;99,439;
EU000A1ZR7H3;EUROPEAN UNION 04/10/2029 1,375%;04/10/2029;EUR;SOV_EU;European Union;AA+;;;1000;Senior;25/09/2026;RP;94,65;0;1;3,27;2,84;2,87;3,08;2,85;-0,361;-0,359;0,01375;1;10;0,0145;98,475;
EU000A283859;EUROPEAN UNION 04/10/2030 0%;04/10/2030;EUR;SOV_EU;European Union;AA+;;;1000;Senior;25/09/2026;LP;86,8;40000;1;3,59;3,88;3,16;3,59;3,88;-0,042;-0,042;0;1;10;0;102,396;
EU000A283867;EUROPEAN UNION 04/10/2040 0,1%;04/10/2040;EUR;SOV_EU;European Union;AA+;;;1000;Senior;25/09/2026;RP;58,23;0;1;4,07;13,32;3,66;4,05;13,34;0,418;0,418;0,001;1;10;0,0017;99,39;
EU000A284469;EUROPEAN UNION 04/11/2050 0,3%;04/11/2050;EUR;SOV_EU;European Union;AA+;;;1000;Senior;25/09/2026;RP;41,54;0;1;4,21;21,58;3,83;4,14;21,78;0,668;0,664;0,003;1;11;0,0072;99,515;
EU000A285VM2;EUROPEAN UNION 04/07/2035 0%;04/07/2035;EUR;SOV_EU;European Union;AA+;;;1000;Senior;25/09/2026;RP;72,46;0;1;3,75;8,45;3,33;3,75;8,45;0,111;0,111;0;1;7;0;101,5;
EU000A287074;EUROPEAN UNION 02/06/2028 0%;02/06/2028;EUR;SOV_EU;European Union;AA+;;;1000;Senior;25/09/2026;RP;94,62;0;2;3,36;1,62;2,94;3,36;1,62;-0,195;-0,195;0;1;6;0;103,719;
EU000A28X702;EUROPEAN UNION 10/06/2035 0,125%;10/06/2035;EUR;SOV_EU;European Union;AA+;;;1000;Senior;25/09/2026;RP;73,12;0;1;3,82;8,32;3,39;3,79;8,33;0,182;0,182;0,00125;1;6;0,0017;99,467;
EU000A2SCAA6;EFSF 17/01/2053 0,7%;17/01/2053;EUR;SOV_EFSF;European Financial Stability Facility;AA+;;;1000;Senior;25/09/2026;RP;45,45;0;1;4,14;21,53;3,76;4;21,99;0,654;0,641;0,007;1;1;0,0154;99,889;
EU000A2SCAB4;EFSF 05/09/2028 0,875% ;05/09/2028;EUR;SOV_EFSF;European Financial Stability Facility;AA+;;;1000;Senior;25/09/2026;LP;95,71;3000;1;3,2;1,87;2,8;3,07;1,87;-0,388;-0,387;0,00875;1;9;0,0091;99,332;
EU000A2SCAC2;EFSF 21/06/2032 2,375% ;21/06/2032;EUR;SOV_EFSF;European Financial Stability Facility;AA+;;;1000;Senior;25/09/2026;LP;92,6;10000;1;3,84;5,17;3,37;3,52;5,23;0,21;0,212;0,02375;1;6;0,0256;99,368;
EU000A2SCAE8;EFSF 11/04/2028 2,375% ;11/04/2028;EUR;SOV_EFSF;European Financial Stability Facility;AA+;;;1000;Senior;25/09/2026;RP;98,55;0;1;3,35;1,46;2,94;3,04;1,47;-0,173;-0,17;0,02375;1;4;0,0241;99,545;
EU000A2SCAG3;EFSF 16/02/2033 2,875% ;16/02/2033;EUR;SOV_EFSF;European Financial Stability Facility;AA+;;;1000;Senior;25/09/2026;RP;94,73;0;1;3,82;5,59;3,35;3,44;5,68;0,194;0,197;0,02875;1;2;0,0303;99,264;
EU000A2SCAH1;EFSF 15/12/2028 3%;15/12/2028;EUR;SOV_EFSF;European Financial Stability Facility;AA+;;;1000;Senior;25/09/2026;LP;98,92;89000;1;3,51;2,05;3,08;3,13;2,07;-0,091;-0,086;0,03;1;12;0,0303;99,612;
EU000A2SCAJ7;EFSF 10/07/2030 3% ;10/07/2030;EUR;SOV_EFSF;European Financial Stability Facility;AA+;;;1000;Senior;25/09/2026;RP;98,28;0;1;3,49;3,48;3,06;3,1;3,52;-0,141;-0,137;0,03;1;7;0,0305;99,305;
EU000A2SCAK5;EFSF 30/08/2038 3,375% ;30/08/2038;EUR;SOV_EFSF;European Financial Stability Facility;AA+;;;1000;Senior;25/09/2026;RP;93,99;0;1;4,02;9,53;3,53;3,58;9,78;0,371;0,374;0,03375;1;8;0,0359;99,076;
EU000A2SCAL3;EFSF 11/04/2029 3,5%;11/04/2029;EUR;SOV_EFSF;European Financial Stability Facility;AA+;;;1000;Senior;25/09/2026;LP;99,89;30000;1;3,54;2,35;3,1;3,1;2,37;-0,078;-0,072;0,035;1;4;0,035;99,769;
EU000A2SCAM1;EFSF 16/07/2029 2,625%;16/07/2029;EUR;SOV_EFSF;European Financial Stability Facility;AA+;;;1000;Senior;25/09/2026;RP;97,51;0;1;3,57;2,62;3,13;3,23;2,64;-0,052;-0,048;0,02625;1;7;0,0269;99,509;
EU000A2SCAN9;EFSF 13/02/2034 2,875% ;13/02/2034;EUR;SOV_EFSF;European Financial Stability Facility;AA+;;;1000;Senior;25/09/2026;RP;93,83;0;0;3,85;6,36;3,38;3,47;6,47;0,226;0,228;0,02875;1;2;0,0306;99,751;
EU000A2SCAP4;EFSF 28/05/2031 2,875%;28/05/2031;EUR;SOV_EFSF;European Financial Stability Facility;AA+;;;1000;Senior;25/09/2026;RP;96,47;0;1;3,71;4,23;3,25;3,34;4,27;0,079;0,082;0,02875;1;5;0,0298;99,638;
EU000A2SCAQ2;EFSF 15/12/2027 2,5% ;15/12/2027;EUR;SOV_EFSF;European Financial Stability Facility;AA+;;;1000;Senior;25/09/2026;LP;99,6;42000;1;2,84;1,15;2,48;2,51;1,16;-0,608;-0,604;0,025;1;12;0,0251;99,714;
EU000A2SCAS8;EFSF 29/01/2035 2,875%;29/01/2035;EUR;SOV_EFSF;European Financial Stability Facility;AA+;;;1000;Senior;25/09/2026;RP;92,53;0;1;3,94;7,06;3,46;3,56;7,2;0,312;0,315;0,02875;0;1;0,0311;98,992;
EU000A2SCAT6;EFSF 07/05/2030 2,625%;07/05/2030;EUR;SOV_EFSF;European Financial Stability Facility;AA+;;;1000;Senior;25/09/2026;RP;97,05;0;1;3,51;3,33;3,07;3,17;3,36;-0,124;-0,12;0,02625;0;5;0,027;99,814;
EU000A2SCAU4;EFSF 27/09/2032 2,75%;27/09/2032;EUR;SOV_EFSF;European Financial Stability Facility;AA+;;;1000;Senior;25/09/2026;LP;95,02;35000;1;3,69;5,4;3,24;3,33;5,46;0,066;0,067;0,0275;1;9;0,0289;99,746;
EU000A2SCAV2;EFSF 11/11/2030 2,5%;11/11/2030;EUR;SOV_EFSF;European Financial Stability Facility;AA+;;;1000;Senior;25/09/2026;LP;95,62;50000;1;3,66;3,74;3,21;3,33;3,78;0,032;0,035;0,025;1;11;0,0261;99,629;
EU000A2SCAW0;EFSF 02/02/2029 2,375%;02/02/2029;EUR;SOV_EFSF;European Financial Stability Facility;AA+;;;1000;Senior;25/09/2026;RP;98,02;0;1;3,26;2,2;2,86;2,96;2,22;-0,348;-0,344;0,02375;0;2;0,0242;99,926;
EU000A2SCAX8;EFSF 01/02/2036 3,125%;01/02/2036;EUR;SOV_EFSF;European Financial Stability Facility;AA+;;;1000;Senior;25/09/2026;RP;93,67;0;0;3,95;7,72;3,46;3,54;7,89;0,304;0,308;0,03125;0;2;0,0334;99,718;
EU000A2SCAY6;EFSF 03/03/2031 2,5%;03/03/2031;EUR;SOV_EFSF;European Financial Stability Facility;AA+;;;1000;Senior;25/09/2026;RP;95;0;1;3,74;4,03;3,28;3,42;4,07;0,112;0,116;0,025;1;3;0,0263;99,954;
EU000A2SCAZ3;EFSF 06/09/2033 3,125%;06/09/2033;EUR;SOV_EFSF;European Financial Stability Facility;AA+;;;1000;Senior;25/09/2026;LP;95,57;20000;1;3,86;6,08;3,39;3,45;6,17;0,241;0,242;0,03125;0;9;0,0327;99,245;
EU000A3K4C42;EUROPEAN UNION GREEN BOND 04/02/2037 0,4%;04/02/2037;EUR;SOV_EU;European Union;AA+;;;1000;Senior;25/09/2026;RP;69,34;0;1;4,09;9,68;3,65;4,03;9,72;0,443;0,444;0,004;1;2;0,0058;99,219;
EU000A3K4D09;EUROPEAN UNION 04/12/2037 2,75%;04/12/2037;EUR;SOV_EU;European Union;AA+;;;1000;Senior;25/09/2026;RP;88,71;0;1;4,02;9,07;3,54;3,65;9,29;0,373;0,377;0,0275;1;12;0,031;99,795;
EU000A3K4D41;EUROPEAN UNION 04/07/2034 3,25%;04/07/2034;EUR;SOV_EU;European Union;AA+;;;1000;Senior;25/09/2026;LP;95,88;14000;1;3,87;6,65;3,4;3,45;6,78;0,247;0,249;0,0325;1;7;0,0339;98,968;
EU000A3K4D74;EUROPEAN UNION 04/10/2038 3,375%;04/10/2038;EUR;SOV_EU;European Union;AA+;;;1000;Senior;25/09/2026;LP;92,29;44000;1;4,21;9,24;3,69;3,76;9,53;0,557;0,561;0,03375;1;10;0,0366;99,517;
EU000A3K4D82;EUROPEAN UNION 05/10/2026 2,75%;05/10/2026;EUR;SOV_EU;European Union;AA+;;;1;Senior;25/09/2026;RP;100,029;0;1;0,96;0,02;0,62;0,62;0,02;-1,651;-1,651;0,0275;1;10;0,0275;99,719;
EU000A3K4DA4;EUROPEAN UNION 22/10/2026 0,25%;22/10/2026;EUR;SOV_EU;European Union;AA+;;;1000;Senior;25/09/2026;RP;99,799;0;1;3,5;0,06;3,06;3,46;0,06;0,881;0,881;0,0025;1;10;0,0025;99,722;
EU000A3K4DC0;EUROPEAN UNION 11/03/2037 0,875%;11/03/2037;EUR;SOV_EU;European Union;AA+;;;1000;Senior;25/09/2026;RP;74,51;0;1;3,89;9,51;3,46;3,76;9,59;0,241;0,242;0,00875;1;3;0,0117;99,832;
EU000A3K4DD8;EUROPEAN UNION 06/07/2032 1%;06/07/2032;EUR;SOV_EU;European Union;AA+;;;1000;Senior;25/09/2026;LP;86,17;20000;1;3,71;5,41;3,27;3,57;5,43;0,081;0,081;0,01;1;7;0,0116;99,804;
EU000A3K4DE6;EUROPEAN UNION 04/06/2037 1,125%;04/06/2037;EUR;SOV_EU;European Union;AA+;;;1000;Senior;25/09/2026;RP;75,07;0;1;4,05;9,58;3,59;3,87;9,68;0,396;0,397;0,01125;1;6;0,015;98,977;
EU000A3K4DG1;EUROPEAN UNION GREEN BOND 04/02/2043 1,25%;04/02/2043;EUR;SOV_EU;European Union;AA+;;;1000;Senior;25/09/2026;RP;63,84;0;1;4,4;13,63;3,93;4,18;13,89;0,759;0,759;0,0125;1;2;0,0196;97,77;
EU000A3K4DM9;EUROPEAN UNION GREEN BOND 04/02/2048 2,625%;04/02/2048;EUR;SOV_EU;European Union;AA+;;;1000;Senior;25/09/2026;RP;74,38;0;1;4,52;14,7;4,01;4,12;15,34;0,928;0,918;0,02625;1;2;0,0353;98,399;
EU000A3K4DS6;EUROPEAN UNION 04/10/2027 2%;04/10/2027;EUR;SOV_EU;European Union;AA+;;;1000;Senior;25/09/2026;LP;98,9;108000;2;3,12;0,96;2,73;2,86;0,97;-0,262;-0,262;0,02;1;10;0,0202;99,549;
EU000A3K4DT4;EUROPEAN UNION 04/10/2052 2,5%;04/10/2052;EUR;SOV_EU;European Union;AA+;;;1000;Senior;25/09/2026;LP;69;4802;1;4,56;16,48;4,05;4,16;17,37;1,063;1,025;0,025;1;10;0,0362;98,279;
EU000A3K4DV0;EUROPEAN UNION 04/11/2042 3,375%;04/11/2042;EUR;SOV_EU;European Union;AA+;;;1000;Senior;25/09/2026;LP;88,33;109000;2;4,4;11,5;3,87;3,94;11,96;0,762;0,763;0,03375;1;11;0,0382;99,581;
EU000A3K4DW8;EUROPEAN UNION GREEN BOND 04/02/2033 2,75%;04/02/2033;EUR;SOV_EU;European Union;AA+;;;1000;Senior;25/09/2026;LP;94,41;42000;1;3,75;5,58;3,29;3,39;5,67;0,129;0,131;0,0275;1;2;0,0291;99,378;
EU000A3K4DY4;EUROPEAN UNION 04/03/2053 3%;04/03/2053;EUR;SOV_EU;European Union;AA+;;;1000;Senior;25/09/2026;LP;76,3;618000;2;4,56;16,22;4,03;4,11;17,15;1,072;1,028;0,03;1;3;0,0393;98,714;
EU000A3K4ED6;BEI 15/11/2028 3% ;15/11/2028;EUR;SOV_BEI;European Investment Bank;AAA;;;1000;Senior;25/09/2026;LP;99,09;178000;2;3,45;1,97;3,02;3,06;1,99;-0,151;-0,146;0,03;1;11;0,0303;99,61;
EU000A3K4EG9;BEI GREEN BOND 15/05/2037 3,125%;15/05/2037;EUR;SOV_BEI;European Investment Bank;AAA;;;1000;Senior;25/09/2026;LP;93,18;13000;1;3,92;8,69;3,44;3,51;8,9;0,271;0,275;0,03125;1;5;0,0335;99,627;
EU000A3K4EL9;EUROPEAN UNION 04/04/2044 4%;04/04/2044;EUR;SOV_EU;European Union;AA+;;;1;Senior;25/09/2026;LP;94,77;109000;2;4,43;12;3,89;3,92;12,53;0,805;0,803;0,04;1;4;0,0422;99,785;
EU000A3K4EN5;EUROPEAN UNION 05/12/2028 3,125%;05/12/2028;EUR;SOV_EU;European Union;AA+;;;1;Senior;25/09/2026;LP;99,33;77977;1;3,44;2,02;3,02;3,04;2,04;-0,157;-0,151;0,03125;1;12;0,0315;99,535;
EU000A3K4ES4;EUROPEAN UNION 04/12/2034 3%;04/12/2034;EUR;SOV_EU;European Union;AA+;;;1;Senior;25/09/2026;LP;94;59000;2;3,87;6,89;3,4;3,48;7,03;0,24;0,242;0,03;1;12;0,0319;99,754;
EU000A3K4EU0;EUROPEAN UNION 04/02/2050 3,25% GREEN BOND;04/02/2050;EUR;SOV_EU;European Union;AA+;;;1;Senior;25/09/2026;LP;82,19;51;1;4,5;14,88;3,97;4,03;15,66;0,942;0,918;0,0325;1;2;0,0395;98,481;
EU000A3K4EW6;EUROPEAN UNION 06/12/2027 2,875%;06/12/2027;EUR;SOV_EU;European Union;AA+;;;1;Senior;25/09/2026;LP;99,77;50000;1;3,07;1,12;2,69;2,7;1,13;-0,367;-0,363;0,02875;1;12;0,0288;99,754;
EU000A3K4EY2;EUROPEAN UNION 05/10/2054 3,375%;05/10/2054;EUR;SOV_EU;European Union;AA+;;;1;Senior;25/09/2026;LP;81,45;153000;2;4,56;16,01;4,02;4,08;17,06;1,106;1,046;0,03375;1;10;0,0414;99,825;
EU000A3K7MW2;EUROPEAN UNION 04/12/2029 1,625%;04/12/2029;EUR;SOV_EU;European Union;AA+;;;1000;Senior;25/09/2026;LP;94,2;148100;1;3,59;2,98;3,15;3,37;2,99;-0,044;-0,042;0,01625;1;12;0,0173;99,59;
EU000A3KM903;EUROPEAN UNION 04/06/2036 0,2%;04/06/2036;EUR;SOV_EU;European Union;AA+;;;1000;Senior;25/09/2026;RP;69,69;0;1;4,05;9,2;3,61;4,01;9,21;0,399;0,399;0,002;1;6;0,0029;99,582;
EU000A3KNYG5;EUROPEAN UNION 02/05/2046 0,45%;02/05/2046;EUR;SOV_EU;European Union;AA+;;;1000;Senior;25/09/2026;RP;50,36;0;1;4,23;17,54;3,82;4,14;17,7;0,614;0,613;0,0045;1;5;0,0089;99,386;
EU000A3KP2Z3;EUROPEAN UNION 22/04/2036 0,25%;22/04/2036;EUR;SOV_EU;European Union;AA+;;;1000;Senior;25/09/2026;LP;71,13;7000;1;3,93;9,07;3,5;3,89;9,09;0,284;0,284;0,0025;1;4;0,0035;99,239;
EU000A3KRJQ6;EUROPEAN UNION 04/07/2029 0%;04/07/2029;EUR;SOV_EU;European Union;AA+;;;1000;Senior;25/09/2026;LP;91;63000;2;3,47;2,67;3,05;3,47;2,67;-0,151;-0,151;0;1;7;0;99,846;
EU000A3KRJR4;EUROPEAN UNION 04/01/2047 0,75%;04/01/2047;EUR;SOV_EU;European Union;AA+;;;1000;Senior;25/09/2026;RP;53,32;0;1;4,22;17,27;3,81;4,09;17,55;0,618;0,615;0,0075;1;1;0,0141;99,838;
EU000A3KSXE1;EUROPEAN UNION 04/07/2031 0%;04/07/2031;EUR;SOV_EU;European Union;AA+;;;1000;Senior;25/09/2026;LP;84,33;271000;2;3,64;4,6;3,22;3,64;4,6;0,012;0,012;0;1;7;0;99,141;
EU000A3KT6A3;EUROPEAN UNION 22/04/2031 0%;22/04/2031;EUR;SOV_EU;European Union;AA+;;;1000;Senior;25/09/2026;LP;85,07;41242;1;3,61;4,41;3,18;3,61;4,41;-0,023;-0,023;0;1;4;0;100,42;
EU000A3KT6B1;EUROPEAN UNION 04/07/2041 0,45%;04/07/2041;EUR;SOV_EU;European Union;AA+;;;1000;Senior;25/09/2026;LP;58,2;54;2;4,35;13,52;3,91;4,27;13,6;0,696;0,697;0,0045;1;7;0,0077;99,601;
EU000A3KTGW6;EUROPEAN UNION 06/07/2051 0,7%;06/07/2051;EUR;SOV_EU;European Union;AA+;;;1000;Senior;25/09/2026;RP;44,17;0;1;4,47;20,48;4,06;4,33;20,88;0,951;0,941;0,007;1;7;0,0158;99,141;
EU000A3KWCF4;EUROPEAN UNION 04/10/2028 0%;04/10/2028;EUR;SOV_EU;European Union;AA+;;;1000;Senior;25/09/2026;LP;93,41;61000;2;3,44;1,95;3,02;3,44;1,95;-0,148;-0,148;0;1;10;0;101,992;
EU000A3L1CN4;EUROPEAN UNION 05/10/2029 2,875% ;05/10/2029;EUR;SOV_EU;European Union;AA+;;;1;Senior;25/09/2026;LP;98,22;12266;1;3,51;2,75;3,07;3,14;2,78;-0,122;-0,119;0,02875;1;10;0,0293;99,64;
EU000A3L1DJ0;EUROPEAN UNION 04/12/2031 2,5% ;04/12/2031;EUR;SOV_EU;European Union;AA+;;;1;Senior;25/09/2026;LP;94,39;10000;1;3,71;4,64;3,25;3,37;4,7;0,078;0,08;0,025;1;12;0,0265;99,329;
EU000A3L2773;BEI GREEN BOND 04/09/2034 2,625% ;04/09/2034;EUR;SOV_BEI;European Investment Bank;AAA;;;1000;Senior;25/09/2026;LP;92,37;6000;1;3,75;6,96;3,3;3,4;7,06;0,128;0,129;0,02625;1;9;0,0284;98,937;
EU000A3L4C16;BEI 14/12/2029 2,25% ;14/12/2029;EUR;SOV_BEI;European Investment Bank;AAA;;;1000;Senior;25/09/2026;LP;96,08;197000;1;3,56;2,97;3,12;3,26;2,99;-0,068;-0,064;0,0225;1;12;0,0234;99,579;
EU000A3L72Y4;BEI GREEN BOND 15/01/2035 2,875%;15/01/2035;EUR;SOV_BEI;European Investment Bank;AAA;;;1000;Senior;25/09/2026;RP;93,52;0;1;3,8;7,04;3,34;3,42;7,18;0,169;0,172;0,02875;1;1;0,0307;99,239;
EU000A3LNF05;EUROPEAN UNION 04/12/2030 3,125% ;04/12/2030;EUR;SOV_EU;European Union;AA+;;;1;Senior;25/09/2026;LP;98,11;82000;2;3,62;3,75;3,17;3,21;3,8;-0,014;-0,01;0,03125;1;12;0,0319;99,424;
EU000A3LS460;BEI GREEN BOND 16/01/2034 2,75%;16/01/2034;EUR;SOV_BEI;European Investment Bank;AAA;;;1000;Senior;25/09/2026;LP;93,72;10000;1;3,75;6,32;3,29;3,38;6,43;0,124;0,126;0,0275;1;1;0,0293;99,466;
EU000A3LT492;BEI 15/02/2039 3%;15/02/2039;EUR;SOV_BEI;European Investment Bank;AAA;;;1000;Senior;25/09/2026;LP;91,45;31000;1;3,88;9,84;3,41;3,48;10,1;0,232;0,236;0,03;1;2;0,0328;99,072;
EU000A3LTF25;BEI GREEN BOND 23/07/2029 3,625% NOK;23/07/2029;NOK;SOV_BEI;European Investment Bank;AAA;;;10000;Senior;25/09/2026;LP;99,3;30000;1;3,89;2,61;3,4;3,43;2,63;0,262;0,267;0,03625;1;7;0,0365;99,659;
EU000A3LVAL6;BEI 17/07/2029 2,75%;17/07/2029;EUR;SOV_BEI;European Investment Bank;AAA;;;1000;Senior;25/09/2026;LP;98,04;59000;2;3,49;2,63;3,06;3,14;2,64;-0,131;-0,127;0,0275;1;7;0,028;99,596;
EU000A3LX098;BEI 15/10/2031 2,875%;15/10/2031;EUR;SOV_BEI;European Investment Bank;AAA;;;1000;Senior;25/09/2026;LP;96,44;154000;1;3,66;4,47;3,21;3,28;4,53;0,029;0,031;0,02875;1;10;0,0298;99,344;
EU000A3LZ0X9;EUROPEAN UNION 04/10/2039 3,375% ;04/10/2039;EUR;SOV_EU;European Union;AA+;;;1;Senior;25/09/2026;LP;91,22;21000;1;4,27;9,82;3,75;3,81;10,15;0,617;0,621;0,03375;1;10;0,037;98,818;
EU000A4D5QM6;EUROPEAN UNION 04/07/2028 2,625%;04/07/2028;EUR;SOV_EU;European Union;AA+;;;1;Senior;25/09/2026;LP;98,58;17000;1;3,46;1,68;3,03;3,13;1,69;-0,102;-0,098;0,02625;1;7;0,0266;99,999;
EU000A4D6KN5;BEI 15/05/2030 2,375%;15/05/2030;EUR;SOV_BEI;European Investment Bank;AAA;;;1000;Senior;25/09/2026;LP;95,96;62000;2;3,58;3,36;3,14;3,27;3,39;-0,051;-0,048;0,02375;1;5;0,0247;99,781;
EU000A4D7ZW2;BEI GREEN BOND 14/05/2032 2,5%;14/05/2032;EUR;SOV_BEI;European Investment Bank;AAA;;;1000;Senior;25/09/2026;RP;94,06;0;1;3,69;5,07;3,24;3,35;5,13;0,059;0,061;0,025;1;5;0,0266;99,364;
EU000A4D8KD2;EUROPEAN UNION 12/12/2035 3,375%;12/12/2035;EUR;SOV_EU;European Union;AA+;;;1;Senior;25/09/2026;RP;95,4;0;1;3,98;7,51;3,49;3,54;7,7;0,341;0,344;0,03375;1;12;0,0354;99,674;
EU000A4E0858;EUROPEAN UNION 12/03/2030 3,375%;12/03/2030;EUR;SOV_EU;European Union;AA+;;;1;Senior;25/09/2026;LP;99,4;70000;1;3,89;3,17;3,41;3,41;3,21;0,261;0,265;0,03375;0;3;0,034;99,629;
EU000A4E0866;EUROPEAN UNION 12/10/2056 4,5%;12/10/2056;EUR;SOV_EU;European Union;AA+;;;1;Senior;25/09/2026;LP;99,4;3500;1;4,54;16,24;3,97;3,97;17,38;1,121;1,034;0,045;0;10;0,0453;99,329;
EU000A4E0ET7;BEI GREEN BOND 16/02/2032 3,25%;16/02/2032;EUR;SOV_BEI;European Investment Bank;AAA;;;1000;Senior;25/09/2026;LP;97,95;42000;1;3,68;4,83;3,22;3,26;4,89;0,05;0,052;0,0325;0;2;0,0332;99,596;
EU000A4EA8Y7;EUROPEAN UNION 12/10/2045 3,75%;12/10/2045;EUR;SOV_EU;European Union;AA+;;;1;Senior;25/09/2026;LP;91,36;33000;1;4,43;12,59;3,89;3,93;13,21;0,815;0,809;0,0375;1;10;0,041;99,19;
EU000A4EBBP0;BEI 14/08/2028 2,25%;14/08/2028;EUR;SOV_BEI;European Investment Bank;AAA;;;1000;Senior;25/09/2026;RP;98,03;0;1;3,35;1,79;2,93;3,06;1,8;-0,23;-0,227;0,0225;1;8;0,023;99,998;
EU000A4ECKZ8;BEI GREEN BOND 18/06/2035 2,875%;18/06/2035;EUR;SOV_BEI;European Investment Bank;AAA;;;1000;Senior;25/09/2026;RP;93;0;1;3,83;7,45;3,37;3,45;7,58;0,199;0,202;0,02875;1;6;0,0309;99,657;
EU000A4ED0K0;EUROPEAN UNION 13/12/2032 2,75%;13/12/2032;EUR;SOV_EU;European Union;AA+;;;1;Senior;25/09/2026;LP;94,53;134000;1;3,75;5,44;3,29;3,39;5,53;0,128;0,13;0,0275;1;12;0,0291;99,455;
EU000A4EG021;EUROPEAN UNION 14/10/2030 2,5%;14/10/2030;EUR;SOV_EU;European Union;AA+;;;1;Senior;25/09/2026;LP;95,83;139000;1;3,63;3,66;3,18;3,3;3,7;-0,005;-0,002;0,025;0;10;0,0261;99,903;
EU000A4EG039;EUROPEAN UNION 12/10/2055 4%;12/10/2055;EUR;SOV_EU;European Union;AA+;;;1;Senior;25/09/2026;LP;91;126900;2;4,57;15,64;4,01;4,03;16,77;1,131;1,056;0,04;0;10;0,044;98,538;
EU000A4EG781;BEI GREEN BOND 17/02/2031 2,5%;17/02/2031;EUR;SOV_BEI;European Investment Bank;AAA;;;1000;Senior;25/09/2026;RP;95,44;0;1;3,64;4;3,19;3,31;4,04;0,009;0,012;0,025;0;2;0,0262;99,634;
EU000A4EJF17;EUROPEAN UNION 12/12/2040 3,625%;12/12/2040;EUR;SOV_EU;European Union;AA+;;;1;Senior;25/09/2026;LP;92,7;7000;1;4,32;10,37;3,8;3,84;10,76;0,67;0,675;0,03625;0;12;0,0391;99,518;
EU000A4EM8H8;BEI 14/01/2036 3%;14/01/2036;EUR;SOV_BEI;European Investment Bank;AAA;;;1000;Senior;25/09/2026;LP;93,45;42000;1;3,85;7,73;3,38;3,46;7,9;0,209;0,213;0,03;1;1;0,0321;99,541;
EU000A4ENP68;EUROPEAN UNION 12/07/2029 2,375%;12/07/2029;EUR;SOV_EU;European Union;AA+;;;1;Senior;25/09/2026;RP;96,86;0;1;3,58;2,62;3,13;3,27;2,64;-0,048;-0,045;0,02375;0;7;0,0245;99,839;
EU000A4EPCA0;BEI 16/06/2031 2,625%;16/06/2031;EUR;SOV_BEI;European Investment Bank;AAA;;;1000;Senior;25/09/2026;LP;95,8;30000;1;3,61;4,3;3,16;3,27;4,34;-0,024;-0,021;0,02625;0;6;0,0274;99,889;
EU000A4EQY56;BEI GREEN BOND 15/03/2034 2,625%;15/03/2034;EUR;SOV_BEI;European Investment Bank;AAA;;;1000;Senior;25/09/2026;RP;92,69;0;1;3,77;6,49;3,31;3,41;6,6;0,141;0,143;0,02625;0;3;0,0283;99,123;
EU000A4ERVC2;EUROPEAN UNION 12/12/2036 3,25%;12/12/2036;EUR;SOV_EU;European Union;AA+;;;1;Senior;25/09/2026;LP;93,36;54000;1;4,06;8,29;3,56;3,63;8,5;0,407;0,412;0,0325;0;12;0,0348;99,342;
EU000A4ES497;EUROPEAN UNION 12/10/2046 4%;12/10/2046;EUR;SOV_EU;European Union;AA+;;;1;Senior;25/09/2026;LP;93,67;37500;1;4,49;13,09;3,94;3,96;13,74;0,877;0,869;0,04;0;10;0,0427;98,787;
EU000A4ETUZ1;BEI 15/10/2029 2,625%;15/10/2029;EUR;SOV_BEI;European Investment Bank;AAA;;;1000;Senior;25/09/2026;RP;97,42;0;1;3,53;2,83;3,1;3,19;2,85;-0,095;-0,092;0,02625;0;10;0,0269;99,822;
EU000A4EUY43;EUROPEAN UNION 12/10/2033 3,125%;12/10/2033;EUR;SOV_EU;European Union;AA+;;;1;Senior;25/09/2026;LP;95,8;113500;1;3,82;6,1;3,35;3,41;6,2;0,194;0,195;0,03125;0;10;0,0326;99,317;
EU000A4EV1G4;BEI GREEN BOND 15/07/2036 3,125%;15/07/2036;EUR;SOV_BEI;European Investment Bank;AAA;;;1000;Senior;25/09/2026;RP;94;0;1;3,87;8,17;3,4;3,46;8,34;0,223;0,227;0,03125;0;7;0,0332;99,256;
EU000A4EXVK3;EUROPEAN UNION 13/10/2031 2,875%;13/10/2031;EUR;SOV_EU;European Union;AA+;;;1;Senior;25/09/2026;LP;96,48;249000;1;3,65;4,56;3,2;3,28;4,61;0,021;0,023;0,02875;0;10;0,0298;99,662;
FI4000037635;FINLANDIA 04/07/2028 2,75%;04/07/2028;EUR;GOV_FI;Finlandia;AA+;Aa1;;1000;Senior;25/09/2026;LP;99,27;3000;1;3,18;1,68;2,78;2,82;1,69;-0,389;-0,385;0,0275;1;7;0,0277;98,405;
FI4000046545;FINLANDIA 04/07/2042 2,625%;04/07/2042;EUR;GOV_FI;Finlandia;AA+;Aa1;;1000;Senior;25/09/2026;LP;82,84;2000;1;4,13;12,2;3,64;3,76;12,56;0,484;0,486;0,02625;1;7;0,0317;99,528;
FI4000148630;FINLANDIA 15/04/2031 0,75%;15/04/2031;EUR;GOV_FI;Finlandia;AA+;Aa1;;1000;Senior;25/09/2026;LP;88,6;2000;1;3,51;4,31;3,09;3,4;4,33;-0,124;-0,123;0,0075;1;4;0,0085;98,59;
FI4000242870;FINLANDIA 15/04/2047 1,375%;15/04/2047;EUR;GOV_FI;Finlandia;AA+;Aa1;;1000;Senior;25/09/2026;RP;60,98;0;1;4,26;16,26;3,82;4,03;16,68;0,661;0,657;0,01375;1;4;0,0225;99,34;
FI4000278551;FINLANDIA 15/09/2027 0,5%;15/09/2027;EUR;GOV_FI;Finlandia;AA+;Aa1;;1000;Senior;25/09/2026;LP;97,633;106000;1;3,03;0,93;2,66;2,96;0,93;-0,328;-0,328;0,005;1;9;0,0051;99,42;
FI4000306758;FINLANDIA 15/04/2034 1,125%;15/04/2034;EUR;GOV_FI;Finlandia;AA+;Aa1;;1000;Senior;25/09/2026;RP;82,74;0;1;3,8;6,93;3,36;3,63;6,99;0,174;0,175;0,01125;1;4;0,0136;98,456;
FI4000348727;FINLANDIA 15/09/2028 0,515%;15/09/2028;EUR;GOV_FI;Finlandia;AA+;Aa1;;1000;Senior;25/09/2026;LP;94,89;40000;1;3,23;1,9;2,83;3,16;1,9;-0,357;-0,357;0,005;1;9;0,0053;100;
FI4000369467;FINLANDIA 15/09/2029 0,5%;15/09/2029;EUR;GOV_FI;Finlandia;AA+;Aa1;;1000;Senior;25/09/2026;LP;92,19;18000;1;3,31;2,85;2,91;3,24;2,86;-0,317;-0,316;0,005;1;9;0,0054;99,6;
FI4000415153;FINLANDIA 15/04/2036 0,125%;15/04/2036;EUR;GOV_FI;Finlandia;AA+;Aa1;;1000;Senior;25/09/2026;RP;70,25;0;1;3,92;9,12;3,49;3,9;9,13;0,276;0,277;0,00125;1;4;0,0018;99,712;
FI4000440557;FINLANDIA 15/09/2040 0,25%;15/09/2040;EUR;GOV_FI;Finlandia;AA+;Aa1;;1000;Senior;25/09/2026;RP;59,16;0;1;4,17;13,1;3,74;4,12;13,14;0,515;0,515;0,0025;1;9;0,0042;99,019;
FI4000441878;FINLANDIA 15/09/2030 0%;15/09/2030;EUR;GOV_FI;Finlandia;AA+;Aa1;;1000;Senior;25/09/2026;RP;87,32;0;1;3,48;3,83;3,07;3,48;3,83;-0,15;-0,15;0;1;9;0;102,204;
FI4000480488;FINLANDIA 15/04/2052 0,125%;15/04/2052;EUR;GOV_FI;Finlandia;AA+;Aa1;;1000;Senior;25/09/2026;LP;36,53;6000;1;4,24;23,74;3,89;4,21;23,84;0,736;0,734;0,00125;1;4;0,0034;99,209;
FI4000507231;FINLANDIA 15/09/2031 0,125%;15/09/2031;EUR;GOV_FI;Finlandia;AA+;Aa1;;1000;Senior;25/09/2026;LP;84,63;4000;1;3,56;4,78;3,14;3,54;4,78;-0,073;-0,072;0,00125;1;9;0,0015;99,612;
FI4000517677;FINLANDIA 15/04/2043 0,5%;15/04/2043;EUR;GOV_FI;Finlandia;AA+;Aa1;;1000;Senior;25/09/2026;RP;56,3;0;1;4,22;14,94;3,8;4,14;15,07;0,588;0,588;0,005;1;4;0,0089;99,4;
FI4000523238;FINLANDIA 15/09/2032 1,5%;15/09/2032;EUR;GOV_FI;Finlandia;AA+;Aa1;;1000;Senior;25/09/2026;LP;88,7;50000;1;3,64;5,53;3,21;3,44;5,57;0,018;0,018;0,015;1;9;0,0169;99,719;
FI4000527551;FINLANDIA 15/04/2027 1,375%;15/04/2027;EUR;GOV_FI;Finlandia;AA+;Aa1;;1000;Senior;25/09/2026;RP;99,197;0;1;2,88;0,53;2,52;2,7;0,53;-0,178;-0,178;0,01375;1;4;0,0139;99,838;
FI4000546528;FINLANDIA 15/04/2038 2,75%;15/04/2038;EUR;GOV_FI;Finlandia;AA+;Aa1;;1000;Senior;25/09/2026;RP;88,48;0;1;4,02;9,42;3,54;3,64;9,64;0,366;0,37;0,0275;1;4;0,0311;98,484;
FI4000550249;FINLANDIA 15/09/2033 3%;15/09/2033;EUR;GOV_FI;Finlandia;AA+;Aa1;;1000;Senior;25/09/2026;RP;95,62;0;2;3,73;6,13;3,27;3,34;6,22;0,102;0,103;0,03;1;9;0,0314;99,729;
FI4000557525;FINLANDIA 15/04/2029 2,875% ;15/04/2029;EUR;GOV_FI;Finlandia;AA+;Aa1;;1000;Senior;25/09/2026;RP;98,84;0;1;3,35;2,38;2,94;2,98;2,4;-0,265;-0,26;0,02875;1;4;0,0291;99,417;
FI4000566294;FINLANDIA 15/04/2055 2,95%;15/04/2055;EUR;GOV_FI;Finlandia;AA+;Aa1;;1000;Senior;25/09/2026;RP;78,54;0;1;4,26;17,36;3,77;3,83;18,37;0,819;0,761;0,0295;1;4;0,0376;99,584;
FI4000571104;FINLANDIA 15/09/2034 3% ;15/09/2034;EUR;GOV_FI;Finlandia;AA+;Aa1;;1000;Senior;25/09/2026;RP;94,52;0;1;3,81;6,9;3,34;3,42;7,02;0,184;0,185;0,03;1;9;0,0317;99,87;
FI4000577952;FINLANDIA 15/04/2030 2,5% ;15/04/2030;EUR;GOV_FI;Finlandia;AA+;Aa1;;1000;Senior;25/09/2026;LP;97;10000;1;3,41;3,28;2,99;3,09;3,31;-0,221;-0,217;0,025;1;4;0,0258;99,748;
FI4000586284;FINLANDIA 15/04/2045 3,2%;15/04/2045;EUR;GOV_FI;Finlandia;AA+;Aa1;;1000;Senior;25/09/2026;RP;86,75;0;1;4,25;13,12;3,74;3,81;13,65;0,625;0,621;0,032;1;4;0,0369;99,935;
FI4000587415;FINLANDIA 15/09/2035 3%;15/09/2035;EUR;GOV_FI;Finlandia;AA+;Aa1;;1000;Senior;25/09/2026;LP;93,84;10000;1;3,82;7,65;3,36;3,43;7,79;0,188;0,19;0,03;1;9;0,032;99,87;
FI4000591862;FINLANDIA 15/04/2032 2,625%;15/04/2032;EUR;GOV_FI;Finlandia;AA+;Aa1;;1000;Senior;25/09/2026;RP;95,12;0;1;3,61;4,98;3,17;3,26;5,04;-0,019;-0,017;0,02625;0;4;0,0276;99,254;
FI4000598776;FINLANDIA 15/04/2041 3,55%;15/04/2041;EUR;GOV_FI;Finlandia;AA+;Aa1;;1000;Senior;25/09/2026;RP;93,46;0;1;4,16;10,85;3,65;3,69;11,23;0,506;0,51;0,0355;0;4;0,038;99,594;
FI4000602891;FINLANDIA 15/09/2036 3,35%;15/09/2036;EUR;GOV_FI;Finlandia;AA+;Aa1;;1000;Senior;25/09/2026;LP;95,34;43000;1;3,92;8,26;3,44;3,49;8,44;0,274;0,278;0,0335;0;9;0,0351;99,909;
FI4000609516;FINLANDIA 15/04/2033 3,3%;15/04/2033;EUR;GOV_FI;Finlandia;AA+;Aa1;;1000;Senior;25/09/2026;LP;97,73;2000;1;3,7;5,75;3,24;3,28;5,84;0,075;0,076;0,033;0;4;0,0338;99,953;
FR0000187635;FRANCIA 25/10/2032 5,75%;25/10/2032;EUR;GOV_FR;Francia;A+;Aa3;;1000;Senior;25/09/2026;LP;108,12;68000;2;4,2;4,87;3,52;3,52;5,01;0,58;0,583;0,0575;1;10;0,0532;99,53;
FR0000471930;ORANGE 28/01/2033 8,125%;28/01/2033;EUR;ORANGE;Orange S.A;;;;1000;Senior;25/09/2026;RP;121,22;0;1;4,23;4,88;2,36;2,36;5,24;0,604;0,609;0,08125;1;1;0,067;99,34;
FR0000571218;FRANCIA 25/04/2029 5,5%;25/04/2029;EUR;GOV_FR;Francia;A+;Aa3;;1000;Senior;25/09/2026;LP;104,4;90281;1;3,66;2,33;3;3;2,37;0,045;0,054;0,055;1;4;0,0527;97,68;
FR0010014845;GIE PSA TRÉSORERIE 19/09/2033 6%;19/09/2033;EUR;PEUGEOT;Peugeot;;;;1000;Senior;25/09/2026;LP;103,16;90000;2;5,44;5,6;3,91;3,91;5,92;1,818;1,82;0,06;1;9;0,0582;99,828;
FR0010070060;FRANCIA 25/04/2035 4,75%;25/04/2035;EUR;GOV_FR;Francia;A+;Aa3;;1000;Senior;25/09/2026;LP;101,55;395049;2;4,52;6,81;3,94;3,94;7;0,891;0,895;0,0475;1;4;0,0468;99,54;
FR0010171975;FRANCIA 25/04/2055 4%;25/04/2055;EUR;GOV_FR;Francia;A+;Aa3;;1000;Senior;25/09/2026;LP;81,71;844200;2;5,25;15,17;4,64;4,68;16,25;1,804;1,729;0,04;1;4;0,049;95,632;
FR0010371401;FRANCIA 25/10/2038 4%;25/10/2038;EUR;GOV_FR;Francia;A+;Aa3;;1000;Senior;25/09/2026;LP;92,46;795816;3;4,84;8,9;4,26;4,31;9,22;1,19;1,194;0,04;1;10;0,0433;98,25;
FR0010773192;FRANCIA 25/04/2041 4,5%;25/04/2041;EUR;GOV_FR;Francia;A+;Aa3;;1000;Senior;25/09/2026;LP;95,28;861179;2;4,96;10,18;4,35;4,38;10,61;1,309;1,314;0,045;1;4;0,0472;99,568;
FR0010870956;FRANCIA 25/04/2060 4%;25/04/2060;EUR;GOV_FR;Francia;A+;Aa3;;1000;Senior;25/09/2026;LP;80,1;599777;2;5,28;16,12;4,66;4,69;17,45;1,926;1,807;0,04;1;4;0,0499;96,34;
FR0011225143;EDF 25/03/2027 4,125%;25/03/2027;EUR;EDF;Electricite de France S.A;;;;100000;Senior;25/09/2026;RP;100,66;0;0;2,71;0,47;1,65;1,65;0,48;-0,289;-0,289;0,04125;1;3;0,041;99,375;
FR0011317783;FRANCIA 25/10/2027 2,75%;25/10/2027;EUR;GOV_FR;Francia;A+;Aa3;;1000;Senior;25/09/2026;LP;99,45;527151;2;3,28;1,01;2,87;2,93;1,02;-0,122;-0,121;0,0275;1;10;0,0277;98,82;
FR0011461037;FRANCIA 25/05/2045 3,25%;25/05/2045;EUR;GOV_FR;Francia;A+;Aa3;;1000;Senior;25/09/2026;LP;78,16;188993;2;5,09;12,77;4,5;4,61;13,33;1,469;1,465;0,0325;1;5;0,0416;99,737;
FR0011883966;FRANCIA 25/05/2030 2,5%;25/05/2030;EUR;GOV_FR;Francia;A+;Aa3;;1000;Senior;25/09/2026;LP;95,47;557521;2;3,85;3,37;3,38;3,52;3,4;0,218;0,222;0,025;1;5;0,0262;98,18;
FR0012993103;FRANCIA 25/05/2031 1,5%;25/05/2031;EUR;GOV_FR;Francia;A+;Aa3;;1000;Senior;25/09/2026;LP;89,57;52000;2;4;4,32;3,52;3,8;4,35;0,368;0,37;0,015;1;5;0,0167;100,09;
FR0013154028;FRANCIA 25/05/2066 1,75%;25/05/2066;EUR;GOV_FR;Francia;A+;Aa3;;1000;Senior;25/09/2026;LP;43,02;37250;2;5,15;20,88;4,64;4,75;22,44;1,911;1,791;0,0175;1;5;0,0407;94,683;
FR0013154044;FRANCIA 25/05/2036 1,25%;25/05/2036;EUR;GOV_FR;Francia;A+;Aa3;;1000;Senior;25/09/2026;LP;73,82;415273;2;4,68;8,6;4,16;4,49;8,69;1,034;1,036;0,0125;1;5;0,0169;98,945;
FR0013200813;FRANCIA 25/11/2026 0,25%;25/11/2026;EUR;GOV_FR;Francia;A+;Aa3;;1000;Senior;25/09/2026;LP;99,618;202000;2;2,73;0,15;2,39;2,7;0,15;0,117;0,117;0,0025;1;11;0,0025;99,94;
FR0013234333;FRANCIA GREEN BOND 25/06/2039 1,75%;25/06/2039;EUR;GOV_FR;Francia;A+;Aa3;;1000;Senior;25/09/2026;LP;71,27;9000;1;4,82;10,66;4,29;4,55;10,86;1,169;1,171;0,0175;1;6;0,0246;100,16;
FR0013250560;FRANCIA 25/05/2027 1%;25/05/2027;EUR;GOV_FR;Francia;A+;Aa3;;1000;Senior;25/09/2026;LP;98,738;411000;2;2,98;0,63;2,61;2,85;0,63;-0,182;-0,182;0,01;1;5;0,0101;100,29;
FR0013257524;FRANCIA 25/05/2048 2%;25/05/2048;EUR;GOV_FR;Francia;A+;Aa3;;1000;Senior;25/09/2026;LP;59;64148;1;5,2;15,35;4,65;4,85;15,95;1,611;1,601;0,02;1;5;0,0339;100,069;
FR0013286192;FRANCIA 25/05/2028 0,75%;25/05/2028;EUR;GOV_FR;Francia;A+;Aa3;;1000;Senior;25/09/2026;LP;95,69;276000;2;3,47;1,59;3,05;3,37;1,59;-0,073;-0,072;0,0075;1;5;0,0078;98,64;
FR0013313582;FRANCIA 25/05/2034 1,25%;25/05/2034;EUR;GOV_FR;Francia;A+;Aa3;;1000;Senior;25/09/2026;LP;79,69;317998;2;4,44;6,95;3,93;4,25;7,01;0,811;0,812;0,0125;1;5;0,0157;98,79;
FR0013341682;FRANCIA 25/11/2028 0,75%;25/11/2028;EUR;GOV_FR;Francia;A+;Aa3;;1000;Senior;25/09/2026;LP;94,2;142499;2;3,59;2,06;3,15;3,48;2,06;-0,008;-0,006;0,0075;1;11;0,008;98,49;
FR0013404969;FRANCIA 25/05/2050 1,5%;25/05/2050;EUR;GOV_FR;Francia;A+;Aa3;;1000;Senior;25/09/2026;RP;50,53;0;1;5,17;17,14;4,66;4,88;17,76;1,624;1,608;0,015;1;5;0,0297;97,338;
FR0013407236;FRANCIA 25/05/2029 0,5%;25/05/2029;EUR;GOV_FR;Francia;A+;Aa3;;1000;Senior;25/09/2026;LP;92,14;393631;2;3,66;2,54;3,22;3,59;2,55;0,041;0,041;0,005;1;5;0,0054;99,32;
FR0013451507;FRANCIA 25/11/2029 0%;25/11/2029;EUR;GOV_FR;Francia;A+;Aa3;;1000;Senior;25/09/2026;LP;89,28;563370;2;3,66;3,05;3,22;3,66;3,05;0,028;0,028;0;1;11;0;102,48;
FR0013480613;FRANCIA 25/05/2052 0,75%;25/05/2052;EUR;GOV_FR;Francia;A+;Aa3;;1000;Senior;25/09/2026;LP;38,06;269000;2;5,16;20,31;4,7;4,99;20,81;1,653;1,639;0,0075;1;5;0,0197;100,659;
FR0013515806;FRANCIA 25/05/2040 0,5% ;25/05/2040;EUR;GOV_FR;Francia;A+;Aa3;;1000;Senior;25/09/2026;LP;56,5;44001;2;4,96;12,39;4,46;4,87;12,48;1,309;1,31;0,005;1;5;0,0088;99,527;
FR0013516549;FRANCIA 25/11/2030 0%;25/11/2030;EUR;GOV_FR;Francia;A+;Aa3;;1000;Senior;25/09/2026;LP;85,25;327675;2;3,91;4;3,45;3,91;4;0,282;0,282;0;1;11;0;99,22;
FR0014001NN8;FRANCIA 25/05/2072 0,5%;25/05/2072;EUR;GOV_FR;Francia;A+;Aa3;;1000;Senior;25/09/2026;LP;21,78;19506193;4;4,68;31,16;4,32;4,5;32,53;1,557;1,486;0,005;1;5;0,023;95,895;
FR0014002JM6;FRANCIA GREEN BOND 25/06/2044 0,5% ;25/06/2044;EUR;GOV_FR;Francia;A+;Aa3;;1000;Senior;25/09/2026;LP;47,32;25001;1;5,07;15,72;4,6;4,98;15,88;1,447;1,446;0,005;1;6;0,0106;99,432;
FR0014002WK3;FRANCIA 25/11/2031 0%;25/11/2031;EUR;GOV_FR;Francia;A+;Aa3;;1000;Senior;25/09/2026;LP;81,33;720817;2;4,09;4,96;3,62;4,07;4,96;0,458;0,458;0;1;11;0;97,97;
FR0014003513;FRANCIA 25/02/2027 0%;25/02/2027;EUR;GOV_FR;Francia;A+;Aa3;;1000;Senior;25/09/2026;LP;98,852;773115;3;2,87;0,4;2,51;2,87;0,4;-0,011;-0,011;0;1;2;0;102,15;
FR0014004J31;FRANCIA 25/05/2053 0,75%;25/05/2053;EUR;GOV_FR;Francia;A+;Aa3;;1000;Senior;25/09/2026;LP;37,3;30000;2;5,11;20,9;4,66;4,93;21,43;1,623;1,606;0,0075;1;5;0,0201;95,376;
FR0014007L00;FRANCIA 25/05/2032 0%;25/05/2032;EUR;GOV_FR;Francia;A+;Aa3;;1000;Senior;25/09/2026;LP;79,39;358670;2;4,17;5,43;3,69;4,14;5,43;0,54;0,54;0;1;5;0;96,98;
FR0014009O62;FRANCIA 25/05/2038 1,25% ;25/05/2038;EUR;GOV_FR;Francia;A+;Aa3;;1000;Senior;25/09/2026;LP;68,59;5000;1;4,84;10,16;4,32;4,63;10,29;1,19;1,191;0,0125;1;5;0,0182;97,58;
FR001400AIN5;FRANCIA 25/02/2028 0,75%;25/02/2028;EUR;GOV_FR;Francia;A+;Aa3;;1000;Senior;25/09/2026;LP;96,38;721538;2;3,43;1,35;3;3,3;1,36;-0,071;-0,069;0,0075;1;2;0,0078;98,25;
FR001400B1L7;RCI BANQUE 06/07/2027 4,75%;06/07/2027;EUR;RCIBANQUE;RCI Banque SA;;;;1000;Senior;25/09/2026;LP;100,57;72000;1;3,96;0,74;2,73;2,73;0,75;0,708;0,708;0,0475;1;7;0,0472;99,761;
FR001400BKZ3;FRANCIA 25/11/2032 2%;25/11/2032;EUR;GOV_FR;Francia;A+;Aa3;;1000;Senior;25/09/2026;LP;88,09;300150;2;4,24;5,49;3,73;3,97;5,55;0,612;0,614;0,02;1;11;0,0227;100,71;
FR001400CMX2;FRANCIA 25/05/2043 2,5% ;25/05/2043;EUR;GOV_FR;Francia;A+;Aa3;;1000;Senior;25/09/2026;LP;71,8;65000;1;5,04;12,42;4,48;4,65;12,83;1,406;1,406;0,025;1;5;0,0348;98,471;
FR001400CRG6;RCI BANQUE 21/09/2028 4,875%;21/09/2028;EUR;RCIBANQUE;RCI Banque SA;;;;1000;Senior;25/09/2026;LP;101,53;3000;1;4,05;1,86;2,79;2,79;1,89;0,464;0,469;0,04875;1;9;0,048;99,639;
FR001400FTH3;FRANCIA 25/05/2054 3%;25/05/2054;EUR;GOV_FR;Francia;A+;Aa3;;1000;Senior;25/09/2026;LP;67,69;72418;2;5,24;16,02;4,65;4,74;17,04;1,773;1,717;0,03;1;5;0,0443;97,422;
FR001400H7V7;FRANCIA 25/05/2033 3%;25/05/2033;EUR;GOV_FR;Francia;A+;Aa3;;1000;Senior;25/09/2026;LP;92,5;582039;2;4,32;5,79;3,79;3,93;5,88;0,694;0,696;0,03;1;5;0,0324;102,64;
FR001400HI98;FRANCIA 25/02/2029 2,75%;25/02/2029;EUR;GOV_FR;Francia;A+;Aa3;;1000;Senior;25/09/2026;LP;97,96;205760;2;3,64;2,25;3,19;3,29;2,26;0,032;0,037;0,0275;1;2;0,0281;99,29;
FR001400L834;FRANCIA 25/11/2033 3,5%;25/11/2033;EUR;GOV_FR;Francia;A+;Aa3;;1;Senior;25/09/2026;LP;94,69;908797;2;4,38;5,98;3,84;3,92;6,1;0,755;0,757;0,035;1;11;0,037;99,48;
FR001400NBC6;FRANCIA 24/09/2027 2,5%;24/09/2027;EUR;GOV_FR;Francia;A+;Aa3;;1;Senior;25/09/2026;LP;99,27;145000;2;3,26;0,96;2,86;2,94;0,96;-0,108;-0,108;0,025;1;9;0,0252;99,79;
FR001400NEF3;FRANCIA GREEN BOND 25/06/2049 3%;25/06/2049;EUR;GOV_FR;Francia;A+;Aa3;;1;Senior;25/09/2026;LP;71,5;8600;1;5,16;14,62;4,58;4,68;15,37;1,589;1,569;0,03;1;6;0,042;96,528;
FR001400OHF4;FRANCIA 25/05/2055 3,25%;25/05/2055;EUR;GOV_FR;Francia;A+;Aa3;;1;Senior;25/09/2026;LP;71,09;63000;2;5,21;16,01;4,62;4,69;17,09;1,772;1,705;0,0325;1;5;0,0457;96,759;
FR001400PM68;FRANCIA 25/02/2030 2,75%;25/02/2030;EUR;GOV_FR;Francia;A+;Aa3;;1;Senior;25/09/2026;LP;96,66;112394;2;3,81;3,13;3,34;3,45;3,16;0,178;0,183;0,0275;1;2;0,0285;99,78;
FR001400QMF9;FRANCIA 25/11/2034 3% ;25/11/2034;EUR;GOV_FR;Francia;A+;Aa3;;1;Senior;25/09/2026;LP;89,98;191722;3;4,49;6,8;3,95;4,09;6,94;0,864;0,866;0,03;1;11;0,0333;99,51;
FR001400WYO4;FRANCIA 25/05/2042 3,6%;25/05/2042;EUR;GOV_FR;Francia;A+;Aa3;;1;Senior;25/09/2026;LP;84,73;263000;1;5,03;11,16;4,44;4,53;11,6;1,387;1,389;0,036;1;5;0,0425;99,176;
FR001400X8V5;FRANCIA 25/05/2035 3,2%;25/05/2035;EUR;GOV_FR;Francia;A+;Aa3;;1;Senior;25/09/2026;LP;90,41;197500;2;4,56;7,22;4,01;4,14;7,37;0,93;0,933;0,032;1;5;0,0354;100,47;
FR001400XJJ3;FRANCIA 25/05/2056 3,75%;25/05/2056;EUR;GOV_FR;Francia;A+;Aa3;;1;Senior;25/09/2026;LP;77,4;122190;2;5,27;15,66;4,65;4,71;16,82;1,848;1,767;0,0375;1;5;0,0484;98,74;
FR001400XLW2;FRANCIA 24/09/2028 2,4%;24/09/2028;EUR;GOV_FR;Francia;A+;Aa3;;1;Senior;25/09/2026;LP;97,83;204000;2;3,55;1,9;3,11;3,22;1,9;-0,039;-0,037;0,024;1;9;0,0245;99,41;
FR001400Z2L7;FRANCIA 25/02/2031 2,7%;25/02/2031;EUR;GOV_FR;Francia;A+;Aa3;;1;Senior;25/09/2026;LP;94,83;45930;2;4;3,98;3,51;3,65;4,03;0,367;0,371;0,027;1;2;0,0285;99,83;
FR0014012II5;FRANCIA 25/11/2035 3,5%;25/11/2035;EUR;GOV_FR;Francia;A+;Aa3;;1;Senior;25/09/2026;LP;91,85;529451;2;4,61;7,35;4,05;4,14;7,54;0,97;0,974;0,035;1;11;0,0381;99,38;
FR0014015MU5;FRANCIA 25/05/2046 4,1%;25/05/2046;EUR;GOV_FR;Francia;A+;Aa3;;1;Senior;25/09/2026;LP;87,19;268099;2;5,15;12,55;4,53;4,58;13,21;1,538;1,53;0,041;1;5;0,047;98,725;
FR0014016CV2;FRANCIA 25/05/2057 4,4%;25/05/2057;EUR;GOV_FR;Francia;A+;Aa3;;1;Senior;25/09/2026;LP;86,77;332100;2;5,28;15,33;4,64;4,67;16,54;1,874;1,777;0,044;1;5;0,0507;99,329;
FR0014017Z10;FRANCIA GREEN BOND 25/06/2037 3,8%;25/06/2037;EUR;GOV_FR;Francia;A+;Aa3;;1;Senior;25/09/2026;LP;92,37;21500;1;4,72;8,44;4,15;4,21;8,68;1,07;1,075;0,038;1;6;0,0411;99,106;
FR0014018OI0;FRANCIA 25/02/2032 3,25%;25/02/2032;EUR;GOV_FR;Francia;A+;Aa3;;1;Senior;25/09/2026;LP;95,78;628000;2;4,13;4,75;3,62;3,72;4,82;0,504;0,508;0,0325;1;2;0,0339;100;
GB00B16NNR78;REGNO UNITO 07/12/2027 4,25% GBP;07/12/2027;GBP;GOV_GB;Gran Bretagna;AA;Aa3;;1000;Senior;25/09/2026;LP;99,64;73600;1;4,61;1,11;4,03;4,07;1,12;1,173;1,178;0,0425;2;6,12;0,0427;99,09;
GB00B3KJDS62;REGNO UNITO 07/09/2039 4,25% GBP;07/09/2039;GBP;GOV_GB;Gran Bretagna;AA;Aa3;;1000;Senior;25/09/2026;LP;87,79;133400;2;5,67;9,3;5;5,08;9,65;2,014;2,019;0,0425;2;3,9;0,0484;96,12;
GB00B84Z9V04;REGNO UNITO 22/01/2044 3,25% GBP;22/01/2044;GBP;GOV_GB;Gran Bretagna;AA;Aa3;;1000;Senior;25/09/2026;LP;72,74;12000;1;5,84;11,77;5,18;5,33;12,3;2,209;2,208;0,0325;2;1,7;0,0447;99,594;
GB00BMF9LG83;GRAN BRETAGNA 07/06/2028 4,5% GBP;07/06/2028;GBP;GOV_UK;Gran Bretagna;AA;Aa3;;1;Senior;25/09/2026;LP;99,58;88400;1;4,81;1,55;4,2;4,2;1,57;1,258;1,266;0,045;2;6,12;0,0452;98,121;
GB00BN65R313;REGNO UNITO 22/01/2045 3,5% GBP;22/01/2045;GBP;GOV_GB;Gran Bretagna;AA;Aa3;;1000;Senior;25/09/2026;RP;73,69;0;1;5,95;11,94;5,26;5,4;12,54;2,324;2,32;0,035;2;1,7;0,0475;100,673;
GR0114033583;GRECIA 15/06/2028 3,875%;15/06/2028;EUR;GOV_GR;Grecia;BBB;Baa3;;1000;Senior;25/09/2026;RP;100,73;0;1;3,42;1,62;2,93;2,93;1,63;-0,14;-0,134;0,03875;1;6;0,0385;99,808;
GR0118020685;GRECIA 22/04/2027 2,0%;22/04/2027;EUR;GOV_GR;Grecia;BBB;Baa3;;1000;Senior;25/09/2026;RP;99,577;0;1;2,76;0,55;2,41;2,51;0,55;-0,319;-0,319;0,02;1;4;0,0201;99,916;
GR0124034688;GRECIA 30/01/2028 3,75%;30/01/2028;EUR;GOV_GR;Grecia;BBB;Baa3;;1000;Senior;25/09/2026;RP;100,63;0;1;3,25;1,26;2,79;2,79;1,27;-0,227;-0,221;0,0375;1;1;0,0373;100;
GR0124035693;GRECIA 12/03/2029 3,875%;12/03/2029;EUR;GOV_GR;Grecia;BBB;Baa3;;1000;Senior;25/09/2026;RP;100,91;0;1;3,47;2,26;2,99;2,99;2,28;-0,141;-0,134;0,03875;1;3;0,0384;100;
GR0124036709;GRECIA 18/06/2030 1,5%;18/06/2030;EUR;GOV_GR;Grecia;BBB;Baa3;;1000;Senior;25/09/2026;LP;92,56;2000;1;3,68;3,5;3,23;3,47;3,51;0,044;0,046;0,015;1;6;0,0162;99,375;
GR0124037715;GRECIA 18/06/2031 0,75%;18/06/2031;EUR;GOV_GR;Grecia;BBB;Baa3;;1000;Senior;25/09/2026;LP;87,15;1000;1;3,77;4,47;3,32;3,67;4,48;0,142;0,143;0,0075;1;6;0,0086;99,436;
GR0124038721;GRECIA 18/06/2032 1,75%;18/06/2032;EUR;GOV_GR;Grecia;BBB;Baa3;;1000;Senior;25/09/2026;RP;88,86;0;1;3,96;5,24;3,49;3,72;5,28;0,337;0,338;0,0175;1;6;0,0197;99,197;
GR0124039737;GRECIA 15/06/2033 4,25%;15/06/2033;EUR;GOV_GR;Grecia;BBB;Baa3;;1000;Senior;25/09/2026;RP;101,03;0;1;4,07;5,68;3,54;3,54;5,8;0,444;0,447;0,0425;1;6;0,0421;99,782;
GR0124040743;GRECIA 15/06/2034 3,375%;15/06/2034;EUR;GOV_GR;Grecia;BBB;Baa3;;1000;Senior;25/09/2026;RP;94,52;0;1;4,22;6,55;3,7;3,78;6,67;0,594;0,596;0,03375;1;6;0,0357;99,13;
GR0124041758;GRECIA 15/06/2035 3,625%;15/06/2035;EUR;GOV_GR;Grecia;BBB;Baa3;;1000;Senior;25/09/2026;RP;94,92;0;1;4,34;7,2;3,8;3,87;7,36;0,701;0,704;0,03625;1;6;0,0382;99,913;
GR0124042764;GRECIA 16/06/2036 3,375%;16/06/2036;EUR;GOV_GR;Grecia;BBB;Baa3;;1000;Senior;25/09/2026;RP;91,92;0;1;4,41;7,94;3,88;3,96;8,13;0,765;0,77;0,03375;0;6;0,0367;99,196;
GR0128014710;REPUBBLICA GRECA 24/02/2027 STEP UP;24/02/2027;EUR;GOV_GR;Grecia;BBB;Baa3;;1;Senior;25/09/2026;LP;100,091;450;1;4,02;0,39;3,49;3,49;0,39;1,142;1,142;0,043;1;2;0,043;100;
GR0128015725;GRECIA 30/01/2033 3,9%;30/01/2033;EUR;GOV_GR;Grecia;BBB;Baa3;;1000;Senior;25/09/2026;LP;98,9;1280;1;4,1;5,37;3,59;3,61;5,48;0,473;0,476;0,039;1;1;0,0394;100;
GR0128016731;GRECIA 04/02/2035 1,875%;04/02/2035;EUR;GOV_GR;Grecia;BBB;Baa3;;1000;Senior;25/09/2026;RP;83,37;0;1;4,28;7,32;3,78;4,02;7,42;0,654;0,656;0,01875;1;2;0,0225;99,534;
GR0128017747;GRECIA 18/07/2038 4,375%;18/07/2038;EUR;GOV_GR;Grecia;BBB;Baa3;;1000;Senior;25/09/2026;LP;99,54;108000;1;4,42;8,98;3,87;3,87;9,28;0,775;0,78;0,04375;1;7;0,044;99,042;
GR0133006198;REPUBBLICA GRECA 24/02/2028 STEP UP;24/02/2028;EUR;GOV_GR;Grecia;BBB;Baa3;;1;Senior;25/09/2026;LP;101,76;1480;1;2,99;1,32;2,47;2,47;1,34;-0,503;-0,496;0,043;1;2;0,0423;100;
GR0133007204;REPUBBLICA GRECA 24/02/2029 STEP UP;24/02/2029;EUR;GOV_GR;Grecia;BBB;Baa3;;1;Senior;25/09/2026;LP;100,61;480;1;4,02;2,2;3,49;3,49;2,22;0,406;0,415;0,043;1;2;0,0427;100;
GR0133008210;REPUBBLICA GRECA 24/02/2030 STEP UP;24/02/2030;EUR;GOV_GR;Grecia;BBB;Baa3;;1;Senior;25/09/2026;LP;102,32;7336;1;3,56;3,06;3,03;3,03;3,1;-0,072;-0,065;0,043;1;2;0,042;100;
GR0133009226;REPUBBLICA GRECA 24/02/2031 STEP UP;24/02/2031;EUR;GOV_GR;Grecia;BBB;Baa3;;1;Senior;25/09/2026;LP;99,63;480;1;4,39;3,84;3,84;3,85;3,9;0,756;0,762;0,043;1;2;0,0432;100;
GR0133010232;REPUBBLICA GRECA 24/02/2032 STEP UP;24/02/2032;EUR;GOV_GR;Grecia;BBB;Baa3;;1;Senior;25/09/2026;LP;100,19;6036;1;4,26;4,62;3,72;3,72;4,71;0,626;0,631;0,043;1;2;0,0429;100;
GR0133011248;GRECIA 30/01/2037 4%;30/01/2037;EUR;GOV_GR;Grecia;BBB;Baa3;;1000;Senior;25/09/2026;LP;96,5;6000;1;4,43;8,05;3,88;3,92;8,29;0,777;0,783;0,04;1;1;0,0415;100;
GR0138005716;REPUBBLICA GRECA 24/02/2033 STEP UP;24/02/2033;EUR;GOV_GR;Grecia;BBB;Baa3;;1;Senior;25/09/2026;LP;101,29;480;1;4,06;5,38;3,53;3,53;5,5;0,439;0,442;0,043;1;2;0,0425;100;
GR0138006722;REPUBBLICA GRECA 24/02/2034 STEP UP;24/02/2034;EUR;GOV_GR;Grecia;BBB;Baa3;;1;Senior;25/09/2026;LP;99,5;480;1;4,38;6,07;3,83;3,84;6,22;0,752;0,755;0,043;1;2;0,0432;100;
GR0138007738;REPUBBLICA GRECA 24/02/2035 STEP UP;24/02/2035;EUR;GOV_GR;Grecia;BBB;Baa3;;1;Senior;25/09/2026;LP;99,51;41215;1;4,37;6,76;3,82;3,83;6,94;0,737;0,74;0,043;1;2;0,0432;100;
GR0138008744;REPUBBLICA GRECA 24/02/2036 STEP UP;24/02/2036;EUR;GOV_GR;Grecia;BBB;Baa3;;1;Senior;25/09/2026;LP;98,24;480;1;4,53;7,39;3,97;3,99;7,6;0,888;0,893;0,043;1;2;0,0438;100;
GR0138009759;REPUBBLICA GRECA 24/02/2037 STEP UP;24/02/2037;EUR;GOV_GR;Grecia;BBB;Baa3;;1;Senior;25/09/2026;LP;98,2;480;1;4,52;8,01;3,96;3,98;8,26;0,868;0,874;0,043;1;2;0,0438;100;
GR0138010765;REPUBBLICA GRECA 24/02/2038 STEP UP;24/02/2038;EUR;GOV_GR;Grecia;BBB;Baa3;;1;Senior;25/09/2026;LP;98,01;480;1;4,52;8,61;3,96;3,98;8,9;0,875;0,881;0,043;1;2;0,0439;100;
GR0138011771;REPUBBLICA GRECA 24/02/2039 STEP UP;24/02/2039;EUR;GOV_GR;Grecia;BBB;Baa3;;1;Senior;25/09/2026;LP;96,26;480;1;4,7;9,14;4,12;4,15;9,47;1,052;1,058;0,043;1;2;0,0447;100;
GR0138012787;REPUBBLICA GRECA 24/02/2040 STEP UP;24/02/2040;EUR;GOV_GR;Grecia;BBB;Baa3;;1;Senior;25/09/2026;LP;95,91;480;1;4,72;9,67;4,14;4,17;10,05;1,065;1,07;0,043;1;2;0,0448;100;
GR0138013793;REPUBBLICA GRECA 24/02/2041 STEP UP;24/02/2041;EUR;GOV_GR;Grecia;BBB;Baa3;;1;Senior;25/09/2026;LP;94,87;480;1;4,8;10,16;4,21;4,24;10,58;1,148;1,153;0,043;1;2;0,0453;100;
GR0138014809;REPUBBLICA GRECA 24/02/2042 STEP UP 2% - 4,3%;24/02/2042;EUR;GOV_GR;Grecia;BBB;Baa3;;1;Senior;25/09/2026;LP;96,63;480;1;4,61;10,72;4,04;4,06;11,18;0,963;0,966;0,043;1;2;0,0445;100;
GR0138015814;GRECIA 30/01/2042 4,2%;30/01/2042;EUR;GOV_GR;Grecia;BBB;Baa3;;1000;Senior;25/09/2026;LP;95,43;254526;1;4,62;10,7;4,03;4,03;11,12;0,975;0,978;0,042;1;1;0,044;77,764;
GR0138017836;GRECIA 24/01/2052 1,875%;24/01/2052;EUR;GOV_GR;Grecia;BBB;Baa3;;1000;Senior;25/09/2026;RP;57,24;0;1;4,84;17,19;4,34;4,5;17,96;1,329;1,302;0,01875;1;1;0,0328;98,14;
GR0138018842;GRECIA 15/06/2054 4,125%;15/06/2054;EUR;GOV_GR;Grecia;BBB;Baa3;;1000;Senior;25/09/2026;LP;89,42;16000;1;4,82;15,41;4,24;4,26;16,45;1,362;1,297;0,04125;1;6;0,0461;98,057;
IE00080U68D3;IRLANDA 18/10/2055 3,15% ;18/10/2055;EUR;GOV_IE;Irlanda;AA+;Aa2;;1;Senior;25/09/2026;RP;85,6;0;1;4;17,27;3,52;3,56;18,33;0,563;0,501;0,0315;1;10;0,0368;99,931;
IE000GVLBXU6;IRLANDA GREEN BOND 18/10/2043 3%;18/10/2043;EUR;GOV_IE;Irlanda;AA+;Aa2;;1000;Senior;25/09/2026;LP;89,49;1000;1;3,85;12,47;3,39;3,44;12,93;0,22;0,219;0,03;1;10;0,0335;98,404;
IE000LQ7YWY4;IRLANDA 18/10/2034 2,6%;18/10/2034;EUR;GOV_IE;Irlanda;AA+;Aa2;;1;Senior;25/09/2026;LP;93,33;11538;1;3,57;6,9;3,13;3,22;7,03;-0,06;-0,059;0,026;1;10;0,0279;99,535;
IE000O6GBYC9;IRLANDA 18/06/2036 3,1%;18/06/2036;EUR;GOV_IE;Irlanda;AA+;Aa2;;1;Senior;25/09/2026;LP;95,44;5000;1;3,66;8,13;3,21;3,26;8,31;0,017;0,021;0,031;0;6;0,0325;99,617;
IE00BDHDPR44;IRLANDA 15/05/2028 0,9%;15/05/2028;EUR;GOV_IE;Irlanda;AA+;Aa2;;1000;Senior;25/09/2026;LP;96,53;10000;1;3,12;1,57;2,73;3;1,57;-0,424;-0,423;0,009;1;5;0,0093;99,569;
IE00BFZRPZ02;IRLANDA 15/05/2033 1,3%;15/05/2033;EUR;GOV_IE;Irlanda;AA+;Aa2;;1000;Senior;25/09/2026;RP;87,07;0;1;3,52;6,12;3,1;3,34;6,17;-0,102;-0,101;0,013;1;5;0,0149;99,741;
IE00BFZRQ242;IRLANDA GREEN BOND 18/03/2031 1,35%;18/03/2031;EUR;GOV_IE;Irlanda;AA+;Aa2;;1000;Senior;25/09/2026;RP;91,73;0;1;3,37;4,19;2,97;3,19;4,21;-0,257;-0,255;0,0135;1;3;0,0147;99,447;
IE00BH3SQ895;IRLANDA 15/05/2029 1,1%;15/05/2029;EUR;GOV_IE;Irlanda;AA+;Aa2;;1000;Senior;25/09/2026;LP;94,79;17000;1;3,2;2,51;2,81;3,05;2,52;-0,422;-0,42;0,011;1;5;0,0116;99,778;
IE00BH3SQB22;IRLANDA 15/05/2050 1,5%;15/05/2050;EUR;GOV_IE;Irlanda;AA+;Aa2;;1000;Senior;25/09/2026;LP;63,02;5000;1;3,93;18,02;3,51;3,68;18,58;0,383;0,369;0,015;1;5;0,0238;99,313;
IE00BJ38CR43;IRLANDA 15/05/2030 2,4%;15/05/2030;EUR;GOV_IE;Irlanda;AA+;Aa2;;1000;Senior;25/09/2026;RP;96,81;0;1;3,35;3,37;2,94;3,04;3,4;-0,285;-0,282;0,024;1;5;0,0248;98,899;
IE00BKFVC345;IRLANDA 15/05/2035 0,4% ;15/05/2035;EUR;GOV_IE;Irlanda;AA+;Aa2;;1000;Senior;25/09/2026;RP;76,2;0;1;3,67;8,16;3,26;3,61;8,18;0,036;0,036;0,004;1;5;0,0052;99,261;
IE00BKFVC568;IRLANDA 15/05/2027 0,2%;15/05/2027;EUR;GOV_IE;Irlanda;AA+;Aa2;;1000;Senior;25/09/2026;RP;98,385;0;1;2,84;0,61;2,49;2,81;0,61;-0,291;-0,291;0,002;1;5;0,002;99,706;
IE00BKFVC899;IRLANDA 18/10/2030 0,2% ;18/10/2030;EUR;GOV_IE;Irlanda;AA+;Aa2;;1000;Senior;25/09/2026;RP;88,26;0;1;3,35;3,9;2,95;3,31;3,9;-0,286;-0,285;0,002;1;10;0,0023;99,135;
IE00BMD03L28;IRLANDA 18/10/2032 0,35% ;18/10/2032;EUR;GOV_IE;Irlanda;AA+;Aa2;;1000;Senior;25/09/2026;RP;82,99;0;1;3,52;5,77;3,11;3,47;5,78;-0,105;-0,105;0,0035;1;10;0,0042;99,612;
IE00BMQ5JL65;IRLANDA 18/10/2031 0%;18/10/2031;EUR;GOV_IE;Irlanda;AA+;Aa2;;1000;Senior;25/09/2026;RP;84,38;0;1;3,42;4,89;3,02;3,42;4,89;-0,212;-0,212;0;1;10;0;102,809;
IE00BMQ5JM72;IRLANDA 22/04/2041 0,55% ;22/04/2041;EUR;GOV_IE;Irlanda;AA+;Aa2;;1000;Senior;25/09/2026;RP;63,36;0;1;3,89;13,29;3,49;3,8;13,39;0,244;0,245;0,0055;1;4;0,0087;99,341;
IE00BV8C9186;IRLANDA 18/02/2045 2%;18/02/2045;EUR;GOV_IE;Irlanda;AA+;Aa2;;1000;Senior;25/09/2026;RP;74,72;0;1;3,96;14,22;3,52;3,66;14,64;0,34;0,337;0,02;1;2;0,0268;98,05;
IE00BV8C9B83;IRLANDA 15/05/2037 1,7%;15/05/2037;EUR;GOV_IE;Irlanda;AA+;Aa2;;1000;Senior;25/09/2026;RP;82,11;0;1;3,77;9,28;3,34;3,53;9,42;0,125;0,127;0,017;1;5;0,0207;99,43;
IT0000966017;INTESA SANPAOLO - COMIT 08/01/2027 ZC;08/01/2027;EUR;INTESASP;Intesa Sanpaolo;;;;1000;Senior;25/09/2026;LP;99,309;7000;1;2,54;0,27;0,79;0,79;0,27;-0,114;-0,114;0;;;0;10,85;
IT0001086567;BTP 01/11/2026 7,25%(No CACs);01/11/2026;EUR;GOV_IT;Italia;BBB+;Baa2;;1000;Senior;25/09/2026;LP;100,429;1778458;2;2,39;0,09;1,51;1,51;0,09;-0,224;-0,224;0,0725;2;5,11;0,0722;99,45;
IT0001174611;BTP 01/11/2027 6,5%(No CACs);01/11/2027;EUR;GOV_IT;Italia;BBB+;Baa2;;1000;Senior;25/09/2026;LP;103,46;2517000;3;3,26;1,01;2,46;2,46;1,02;-0,143;-0,136;0,065;2;5,11;0,0628;100,15;
IT0001200390;INTESA SANPAOLO - COMIT 17/02/2028 ZC;17/02/2028;EUR;INTESASP;Intesa Sanpaolo;;;;1000;Senior;25/09/2026;LP;95,16;175000;2;3,64;1,34;2,74;2,74;1,35;0,153;0,153;0;;;0;18,65;
IT0001203253;MEDIO CREDITO CENTRALE 10/02/2028 ZC;10/02/2028;EUR;MEDIOCREDCEN;Banca del Mezzogiorno - MedioCredito Centrale;;;;1000;Senior;25/09/2026;LP;94,63;100000;1;4,12;1,31;3,28;3,28;1,32;0,635;0,635;0;;;0;17,5247;
IT0001205589;INTESA SANPAOLO 18/02/2028 ZC;18/02/2028;EUR;INTESASP;Intesa Sanpaolo;;;;1000;Senior;25/09/2026;LP;95,24;150000;1;3,57;1,34;2,59;2,59;1,35;0,083;0,083;0;;;0;17,37;
IT0001278511;BTP 01/11/2029 5,25%(No CACs);01/11/2029;EUR;GOV_IT;Italia;BBB+;Baa2;;1000;Senior;25/09/2026;LP;104,41;3750308;4;3,76;2,74;3,11;3,11;2,78;0,129;0,136;0,0525;2;5,11;0,0503;99,7;
IT0001302733;MPS 01/02/2029 ZC;01/02/2029;EUR;MPS;Monte dei Paschi di Siena;;;;1000;Senior;25/09/2026;LP;199,71;142000;1;4,22;2,25;3,61;3,66;2,26;0,606;0,606;0;;;0;100;
IT0001308508;MPS 15/02/2029 ZC(calcolato con emissione il 15/02/2009 a 100);15/02/2029;EUR;MPS;Monte dei Paschi di Siena;;;;1000;Senior;25/09/2026;RP;194,29;0;1;4,35;2,28;3,71;3,83;2,3;0,733;0,733;0;;;0;100;
IT0001444378;BTP 01/05/2031 6%(No CACs);01/05/2031;EUR;GOV_IT;Italia;BBB+;Baa2;;1000;Senior;25/09/2026;LP;108,71;7432000;4;3,95;3,86;3,22;3,22;3,95;0,317;0,323;0,06;2;5,11;0,0552;102,4;
IT0003256820;BTP 01/02/2033 5,75%(No CACs);01/02/2033;EUR;GOV_IT;Italia;BBB+;Baa2;;1000;Senior;25/09/2026;LP;108,87;2124000;4;4,18;5,19;3,49;3,49;5,32;0,56;0,564;0,0575;2;2,8;0,0528;101,15;
IT0003535157;BTP 01/08/2034 5%(No CACs);01/08/2034;EUR;GOV_IT;Italia;BBB+;Baa2;;1000;Senior;25/09/2026;LP;104,59;2918000;3;4,35;6,29;3,73;3,73;6,46;0,723;0,726;0,05;2;2,8;0,0478;98,106;
IT0003745541;BTPi 15/09/2035 2,35%(senza indicizzazione);15/09/2035;EUR;GOV_IT;Italia;BBB+;Baa2;;1000;Senior;25/09/2026;LP;102,81;100000;2;2,02;7,98;1,72;1,72;8,1;-1,62;-1,618;0,0235;2;3,9;0,0229;100;
IT0003934657;BTP 01/02/2037 4%(No CACs);01/02/2037;EUR;GOV_IT;Italia;BBB+;Baa2;;1000;Senior;25/09/2026;LP;96,13;19614000;4;4,52;8,11;3,96;4;8,34;0,87;0,875;0,04;2;2,8;0,0416;101,289;
IT0004286966;BTP 01/08/2039 5%(No CACs);01/08/2039;EUR;GOV_IT;Italia;BBB+;Baa2;;1000;Senior;25/09/2026;LP;103,4;2748000;4;4,7;9,18;4,07;4,07;9,56;1,047;1,054;0,05;2;2,8;0,0484;99,98;
IT0004532559;BTP 01/09/2040 5%(No CACs);01/09/2040;EUR;GOV_IT;Italia;BBB+;Baa2;;1000;Senior;25/09/2026;LP;103,12;6390000;4;4,75;9,76;4,12;4,12;10,17;1,095;1,101;0,05;2;3,9;0,0485;98,186;
IT0004545890;BTPi 15/09/2041 2,55%(senza indicizzazione);15/09/2041;EUR;GOV_IT;Italia;BBB+;Baa2;;1000;Senior;25/09/2026;LP;100,98;30000;2;2,49;12,23;2,17;2,17;12,53;-1,16;-1,158;0,0255;2;3,9;0,0253;100;
IT0004889033;BTP 01/09/2028 4,75%;01/09/2028;EUR;GOV_IT;Italia;BBB+;Baa2;;1000;Senior;25/09/2026;LP;102,24;1110000;3;3,56;1,79;2,97;2,97;1,81;-0,021;-0,014;0,0475;2;3,9;0,0465;100,017;
IT0004923998;BTP 01/09/2044 4,75%;01/09/2044;EUR;GOV_IT;Italia;BBB+;Baa2;;1000;Senior;25/09/2026;LP;99,11;18437000;4;4,88;11,62;4,27;4,27;12,21;1,257;1,253;0,0475;2;3,9;0,0479;97,221;
IT0005024234;BTP 01/03/2030 3,5%;01/03/2030;EUR;GOV_IT;Italia;BBB+;Baa2;;1000;Senior;25/09/2026;LP;99,21;4138000;4;3,79;3,12;3,31;3,34;3,16;0,155;0,16;0,035;2;3,9;0,0353;99,471;
IT0005083057;BTP 01/09/2046 3,25%;01/09/2046;EUR;GOV_IT;Italia;BBB+;Baa2;;1000;Senior;25/09/2026;LP;79,16;9020000;4;4,96;13,36;4,38;4,48;13,99;1,351;1,343;0,0325;2;3,9;0,0411;99,71;
IT0005094088;BTP 01/03/2032 1,65%;01/03/2032;EUR;GOV_IT;Italia;BBB+;Baa2;;1000;Senior;25/09/2026;LP;88,62;7066000;4;4,05;4,98;3,56;3,82;5,02;0,417;0,419;0,0165;2;3,9;0,0186;99,501;
IT0005138828;BTPi 15/09/2032 1,25%(senza indicizzazione);15/09/2032;EUR;GOV_IT;Italia;BBB+;Baa2;;1000;Senior;25/09/2026;LP;97,76;178000;3;1,65;5,66;1,45;1,49;5,7;-1,97;-1,97;0,0125;2;3,9;0,0128;99,772;
IT0005162828;BTP 01/03/2047 2,7%;01/03/2047;EUR;GOV_IT;Italia;BBB+;Baa2;;1000;Senior;25/09/2026;LP;71,81;6754000;4;4,96;14,08;4,4;4,53;14,7;1,356;1,348;0,027;2;3,9;0,0376;99,18;
IT0005177909;BTP 01/09/2036 2,25%;01/09/2036;EUR;GOV_IT;Italia;BBB+;Baa2;;1000;Senior;25/09/2026;LP;82,35;925000;4;4,52;8,42;3,99;4,2;8,57;0,871;0,875;0,0225;2;3,9;0,0273;99,368;
IT0005210650;BTP 01/12/2026 1,25%;01/12/2026;EUR;GOV_IT;Italia;BBB+;Baa2;;1000;Senior;25/09/2026;LP;99,786;2982000;4;2,51;0,17;2,19;2,35;0,17;-0,107;-0,107;0,0125;2;6,12;0,0125;100,18;
IT0005217390;BTP 01/03/2067 2,8%;01/03/2067;EUR;GOV_IT;Italia;BBB+;Baa2;;1000;Senior;25/09/2026;LP;64,2;16899000;4;4,88;19,26;4,32;4,38;20,93;1,658;1,502;0,028;2;3,9;0,0436;99,19;
IT0005240350;BTP 01/09/2033 2,45%;01/09/2033;EUR;GOV_IT;Italia;BBB+;Baa2;;1000;Senior;25/09/2026;LP;89,69;6334000;4;4,22;6,1;3,72;3,89;6,19;0,6;0,601;0,0245;2;3,9;0,0273;99,13;
IT0005240830;BTP 01/06/2027 2,2%;01/06/2027;EUR;GOV_IT;Italia;BBB+;Baa2;;1000;Senior;25/09/2026;LP;99,478;2331000;3;3,01;0,65;2,64;2,72;0,65;-0,162;-0,16;0,022;2;6,12;0,0221;98,58;
IT0005246134;BTPi 15/05/2028 1,30%(senza indicizzazione);15/05/2028;EUR;GOV_IT;Italia;BBB+;Baa2;;1000;Senior;25/09/2026;LP;100,56;106000;2;0,96;1,59;0,79;0,79;1,6;-2,586;-2,584;0,013;2;5,11;0,0129;99,878;
IT0005273013;BTP 01/03/2048 3,45%;01/03/2048;EUR;GOV_IT;Italia;BBB+;Baa2;;1000;Senior;25/09/2026;LP;80,69;13184000;4;4,98;13,78;4,39;4,47;14,5;1,388;1,375;0,0345;2;3,9;0,0428;98,956;
IT0005274805;BTP 01/08/2027 2,05%;01/08/2027;EUR;GOV_IT;Italia;BBB+;Baa2;;1000;Senior;25/09/2026;LP;99,13;2721000;4;3,13;0,81;2,74;2,86;0,81;-0,164;-0,162;0,0205;2;2,8;0,0207;99,08;
IT0005321325;BTP 01/09/2038 2,95%;01/09/2038;EUR;GOV_IT;Italia;BBB+;Baa2;;1000;Senior;25/09/2026;LP;84,87;8019000;4;4,67;9,48;4,11;4,25;9,73;1,018;1,022;0,0295;2;3,9;0,0348;99,766;
IT0005323032;BTP 01/02/2028 2%;01/02/2028;EUR;GOV_IT;Italia;BBB+;Baa2;;1000;Senior;25/09/2026;LP;98,28;3814000;4;3,34;1,28;2,93;3,08;1,29;-0,137;-0,134;0,02;2;2,8;0,0204;99,55;
IT0005340929;BTP 01/12/2028 2,8%;01/12/2028;EUR;GOV_IT;Italia;BBB+;Baa2;;1000;Senior;25/09/2026;LP;98,46;4302000;4;3,57;2,03;3,13;3,21;2,05;-0,029;-0,024;0,028;2;6,12;0,0284;99,54;
IT0005358806;BTP 01/03/2035 3,35%;01/03/2035;EUR;GOV_IT;Italia;BBB+;Baa2;;1000;Senior;25/09/2026;LP;93,07;8468000;4;4,39;7,03;3,85;3,94;7,18;0,759;0,761;0,0335;2;3,9;0,036;99,609;
IT0005363111;BTP 01/09/2049 3,85%;01/09/2049;EUR;GOV_IT;Italia;BBB+;Baa2;;1000;Senior;25/09/2026;LP;85,26;22548000;4;4,99;13,98;4,39;4,44;14,8;1,428;1,403;0,0385;2;3,9;0,0452;99,594;
IT0005365165;BTP 01/08/2029 3%;01/08/2029;EUR;GOV_IT;Italia;BBB+;Baa2;;1000;Senior;25/09/2026;LP;98,23;3534000;4;3,7;2,63;3,23;3,31;2,65;0,069;0,074;0,03;2;2,8;0,0305;101,85;
IT0005377152;BTP 01/03/2040 3,1%;01/03/2040;EUR;GOV_IT;Italia;BBB+;Baa2;;1000;Senior;25/09/2026;LP;84,32;2173000;4;4,74;10,31;4,18;4,3;10,62;1,091;1,095;0,031;2;3,9;0,0368;99,623;
IT0005383309;BTP 01/04/2030 1,35%;01/04/2030;EUR;GOV_IT;Italia;BBB+;Baa2;;1000;Senior;25/09/2026;LP;92,19;3108000;4;3,78;3,28;3,32;3,6;3,3;0,153;0,155;0,0135;2;4,10;0,0146;103,9;
IT0005387052;BTPi 15/05/2030 0,4%(senza indicizzazione);15/05/2030;EUR;GOV_IT;Italia;BBB+;Baa2;;1000;Senior;25/09/2026;LP;96,55;452000;3;1,38;3,55;1,21;1,33;3,55;-2,246;-2,245;0,004;2;5,11;0,0041;99,632;
IT0005388175;BTP Italia 28/10/2027 0,65%(senza indicizzazione);28/10/2027;EUR;GOV_IT;Italia;BBB+;Baa2;;1000;Senior;25/09/2026;LP;101,03;603000;4;-0,3;1,08;-0,38;-0,38;1,08;-3,705;-3,704;0,0065;2;4,10;0,0064;100;
IT0005390874;BTP 15/01/2027 0,85%;15/01/2027;EUR;GOV_IT;Italia;BBB+;Baa2;;1000;Senior;25/09/2026;LP;99,496;4775000;4;2,58;0,29;2,25;2,46;0,29;-0,103;-0,103;0,0085;2;1,7;0,0085;99,61;
IT0005398406;BTP 01/09/2050 2,45%;01/09/2050;EUR;GOV_IT;Italia;BBB+;Baa2;;1000;Senior;25/09/2026;LP;65,1;8839000;4;5,02;15,75;4,47;4,6;16,53;1,476;1,452;0,0245;2;3,9;0,0376;99,28;
IT0005399586;CASSA DEPOSITI E PRESTITI 11/02/2030 1%;11/02/2030;EUR;CDP;Cassa depositi e prestiti;;;;100000;Senior;25/09/2026;RP;92,63;0;0;3,35;3,2;2,94;3,21;3,21;-0,283;-0,281;0,01;1;2;0,0108;99,03;
IT0005402117;BTP 01/03/2036 1,45%;01/03/2036;EUR;GOV_IT;Italia;BBB+;Baa2;;1000;Senior;25/09/2026;LP;77,2;6566000;4;4,49;8,35;3,97;4,27;8,45;0,843;0,845;0,0145;2;3,9;0,0188;100;
IT0005403396;BTP 01/08/2030 0,95%;01/08/2030;EUR;GOV_IT;Italia;BBB+;Baa2;;1000;Senior;25/09/2026;LP;89,82;8664000;4;3,86;3,63;3,4;3,73;3,64;0,231;0,233;0,0095;2;2,8;0,0106;99,5;
IT0005413171;BTP 01/12/2030 1,65%;01/12/2030;EUR;GOV_IT;Italia;BBB+;Baa2;;1000;Senior;25/09/2026;LP;91,54;3532000;4;3,9;3,87;3,43;3,68;3,89;0,269;0,271;0,0165;2;6,12;0,018;100;
IT0005415291;BTP FUTURA 14/07/2030 STEP UP 1,15% - 1,45%;14/07/2030;EUR;GOV_IT;Italia;BBB+;Baa2;;1000;Senior;25/09/2026;LP;91,03;2861000;4;4,03;3,55;3,54;3,84;3,56;0,399;0,401;0,013;;1,7;0,0143;100;
IT0005416570;BTP 15/09/2027 0,95%;15/09/2027;EUR;GOV_IT;Italia;BBB+;Baa2;;1000;Senior;25/09/2026;LP;97,99;9184000;4;3,11;0,93;2,72;2,99;0,93;-0,251;-0,25;0,0095;2;3,9;0,0097;100,03;
IT0005421703;BTP 01/03/2041 1,8%;01/03/2041;EUR;GOV_IT;Italia;BBB+;Baa2;;1000;Senior;25/09/2026;LP;69,49;7733000;4;4,8;11,75;4,27;4,52;12,01;1,151;1,154;0,018;2;3,9;0,0259;99,765;
IT0005422891;BTP 01/04/2031 0,90%;01/04/2031;EUR;GOV_IT;Italia;BBB+;Baa2;;1000;Senior;25/09/2026;LP;87,7;26035000;4;3,94;4,23;3,47;3,82;4,25;0,311;0,312;0,009;2;4,10;0,0103;100,13;
IT0005425233;BTP 01/09/2051 1,7%;01/09/2051;EUR;GOV_IT;Italia;BBB+;Baa2;;1000;Senior;25/09/2026;LP;53,84;50340000;4;5;17,41;4,49;4,68;18,13;1,482;1,458;0,017;2;3,9;0,0316;98,686;
IT0005425761;BTP FUTURA 17/11/2028 STEP UP 0,35% - 1%;17/11/2028;EUR;GOV_IT;Italia;BBB+;Baa2;;1000;Senior;25/09/2026;LP;94,61;1690000;4;3,65;2,04;3,2;3,52;2,04;0,054;0,056;0,006;;5,11;0,0063;100;
IT0005433195;BTP 01/03/2037 0,95%;01/03/2037;EUR;GOV_IT;Italia;BBB+;Baa2;;1000;Senior;25/09/2026;LP;70,57;29465000;4;4,58;9,39;4,07;4,42;9,47;0,925;0,926;0,0095;2;3,9;0,0135;99,409;
IT0005433690;BTP 15/03/2028 0,25%;15/03/2028;EUR;GOV_IT;Italia;BBB+;Baa2;;1000;Senior;25/09/2026;LP;95,59;7994000;4;3,4;1,41;2,98;3,36;1,41;-0,108;-0,108;0,0025;2;3,9;0,0026;99,62;
IT0005433849;MEDIOBANCA 26/02/2028 1,15% USD;26/02/2028;USD;MEDIOBANCA;Mediobanca;;;;2000;Senior;25/09/2026;LP;95;26000;1;4,9;1,33;3,63;4,59;1,34;1,403;1,405;0,0115;1;2;0,0121;100;
IT0005436693;BTP 01/08/2031 0,6%;01/08/2031;EUR;GOV_IT;Italia;BBB+;Baa2;;1000;Senior;25/09/2026;LP;85,41;21793000;4;3,98;4,58;3,51;3,9;4,59;0,349;0,349;0,006;2;2,8;0,007;99,97;
IT0005436701;BTPi 15/05/2051 0,15%(senza indicizzazione);15/05/2051;EUR;GOV_IT;Italia;BBB+;Baa2;;1000;Senior;25/09/2026;LP;54,68;857000;3;2,69;23,31;2,43;2,66;23,4;-0,833;-0,835;0,0015;2;5,11;0,0027;99,208;
IT0005436875;MEDIOBANCA 01/04/2028 STEP UP 1,40% - 2,40% USD;01/04/2028;USD;MEDIOBANCA;Mediobanca;;;;20000;Senior;25/09/2026;LP;95,16;200000;2;5,76;1,4;4,28;5,14;1,42;2,244;2,247;0,022;;4;0,0231;100;
IT0005438004;BTP Green 30/04/2045 1,5%;30/04/2045;EUR;GOV_IT;Italia;BBB+;Baa2;;1000;Senior;25/09/2026;LP;59,1;27129000;4;4,93;14,5;4,42;4,66;14,9;1,309;1,306;0,015;2;4,10;0,0254;99,168;
IT0005441883;BTP 01/03/2072 2,15%;01/03/2072;EUR;GOV_IT;Italia;BBB+;Baa2;;1000;Senior;25/09/2026;LP;53,12;34989000;4;4,68;21,54;4,17;4,25;23,46;1,562;1,382;0,0215;2;3,9;0,0405;99,467;
IT0005442097;BTP FUTURA 27/04/2037 STEP UP 0,75% - 2%;27/04/2037;EUR;GOV_IT;Italia;BBB+;Baa2;;1000;Senior;25/09/2026;LP;74,62;4492000;4;4,76;9,18;4,23;4,52;9,31;1,111;1,113;0,012;;4,10;0,0161;100;
IT0005445306;BTP 15/07/2028 0,50%;15/07/2028;EUR;GOV_IT;Italia;BBB+;Baa2;;1000;Senior;25/09/2026;LP;94,87;2887000;4;3,51;1,72;3,08;3,42;1,73;-0,063;-0,062;0,005;2;1,7;0,0053;98,69;
IT0005449969;BTP 01/12/2031 0,95%;01/12/2031;EUR;GOV_IT;Italia;BBB+;Baa2;;1000;Senior;25/09/2026;LP;85,95;29474000;4;4,02;4,84;3,54;3,89;4,86;0,391;0,392;0,0095;2;6,12;0,0111;99,923;
IT0005450934;MEDIOBANCA 30/07/2031 STEP UP 1,35% - 3,30% USD;30/07/2031;USD;MEDIOBANCA;Mediobanca;;;;2000;Senior;25/09/2026;RP;87,91;0;1;5,83;4,31;4,37;5,02;4,41;2,199;2,202;0,025;;7;0,0284;100;
IT0005466013;BTP 01/06/2032 0,95%;01/06/2032;EUR;GOV_IT;Italia;BBB+;Baa2;;1000;Senior;25/09/2026;LP;84,49;20368000;4;4,08;5,29;3,6;3,93;5,31;0,45;0,451;0,0095;2;6,12;0,0112;99,07;
IT0005466351;BTP FUTURA 16/11/2033 STEP UP 0,75% - 1,7%;16/11/2033;EUR;GOV_IT;Italia;BBB+;Baa2;;1000;Senior;25/09/2026;LP;82,71;742000;3;4,43;6,44;3,91;4,21;6,5;0,806;0,806;0,0135;0;5,11;0,0163;100;
IT0005467482;BTP 15/02/2029 0,45%;15/02/2029;EUR;GOV_IT;Italia;BBB+;Baa2;;1000;Senior;25/09/2026;LP;92,89;7254000;4;3,62;2,29;3,18;3,54;2,29;0,012;0,013;0,0045;2;2,8;0,0048;98,67;
IT0005467722;MEDIOBANCA 23/12/2029 2,05% USD;23/12/2029;USD;MEDIOBANCA;Mediobanca;;;;2000;Senior;25/09/2026;LP;90,5;16000;1;5,32;2,95;3,97;4,75;3;1,691;1,695;0,0205;1;12;0,0227;100;
IT0005480980;BTP 01/09/2052 2,15%;01/09/2052;EUR;GOV_IT;Italia;BBB+;Baa2;;1000;Senior;25/09/2026;LP;59,22;15870000;4;5,02;16,93;4,49;4,64;17,78;1,526;1,492;0,0215;2;3,9;0,0363;99,987;
IT0005482994;BTPi 15/05/2033 0,1%(senza indicizzazione);15/05/2033;EUR;GOV_IT;Italia;BBB+;Baa2;;1000;Senior;25/09/2026;LP;88,63;2649000;3;1,95;6,47;1,71;1,93;6,48;-1,676;-1,676;0,001;2;5,11;0,0011;102,703;
IT0005484552;BTP 01/04/2027 1,10%;01/04/2027;EUR;GOV_IT;Italia;BBB+;Baa2;;1000;Senior;25/09/2026;LP;99,112;3696000;4;2,91;0,49;2,54;2,77;0,49;-0,107;-0,107;0,011;2;4,10;0,0111;100,15;
IT0005487134;MEDIOBANCA 13/04/2028 STEP UP 2% - 3,05% USD;13/04/2028;USD;MEDIOBANCA;Mediobanca;;;;2000;Senior;25/09/2026;RP;96,03;0;1;5,69;1,43;4,22;4,91;1,45;2,165;2,17;0,0275;;4;0,0286;100;
IT0005490955;MEDIOBANCA 29/04/2027 3% USD;29/04/2027;USD;MEDIOBANCA;Mediobanca;;;;2000;Senior;25/09/2026;LP;98,81;32000;1;5,11;0,55;3,79;4,33;0,56;2,018;2,018;0,03;1;4;0,0304;100;
IT0005493652;MEDIOBANCA 25/05/2028 2,1% EUR;25/05/2028;EUR;MEDIOBANCA;Mediobanca;;;;1000;Senior;25/09/2026;LP;97,18;69000;1;3,89;1,57;2,88;3,33;1,59;0,338;0,341;0,021;1;5;0,0216;100;
IT0005494239;BTP 01/12/2032 2,5%;01/12/2032;EUR;GOV_IT;Italia;BBB+;Baa2;;1000;Senior;25/09/2026;LP;91,39;4875000;4;4,13;5,46;3,63;3,78;5,53;0,509;0,511;0,025;2;6,12;0,0274;97,66;
IT0005495202;INTESA SANPAOLO 10/06/2027 2,64%;10/06/2027;EUR;INTESASP;Intesa Sanpaolo;;;;100000;Senior;25/09/2026;LP;99,46;100000;1;3,42;0,67;2,54;2,74;0,68;0,228;0,228;0,0264;1;6;0,0265;100;
IT0005495731;BTP 15/06/2029 2,8%;15/06/2029;EUR;GOV_IT;Italia;BBB+;Baa2;;1000;Senior;25/09/2026;LP;97,76;6249000;4;3,71;2,51;3,25;3,35;2,53;0,085;0,09;0,028;2;6,12;0,0286;102,73;
IT0005496770;BTP 01/03/2038 3,25%;01/03/2038;EUR;GOV_IT;Italia;BBB+;Baa2;;1000;Senior;25/09/2026;LP;88,17;9835000;4;4,65;9,04;4,09;4,2;9,29;0,997;1,001;0,0325;2;3,9;0,0369;99,651;
IT0005497000;BTP Italia 28/06/2030 1,6%(senza indicizzazione);28/06/2030;EUR;GOV_IT;Italia;BBB+;Baa2;;1000;Senior;25/09/2026;LP;100,87;2319000;4;1,37;3,59;1,17;1,17;3,61;-2,265;-2,262;0,016;2;6,12;0,0159;100;
IT0005500068;BTP 01/12/2027 2,65%;01/12/2027;EUR;GOV_IT;Italia;BBB+;Baa2;;1000;Senior;25/09/2026;LP;99,28;2235000;4;3,3;1,12;2,89;2,96;1,12;-0,128;-0,124;0,0265;2;6,12;0,0267;99,62;
IT0005503393;KME GROUP 23/09/2027 5% CALLABLE;23/09/2027;EUR;KMEGROUP;KME Group S.p.A.;;;;1;Senior;25/09/2026;LP;100,989;1000;1;3,95;0,95;2,67;2,67;0,96;0,583;0,583;0,05;1;9;0,0495;100;
IT0005507832;MEDIOBANCA 28/09/2027 2,9%;28/09/2027;EUR;MEDIOBANCA;Mediobanca;;;;1000;Senior;25/09/2026;LP;99,29;506000;2;3,64;0,96;2,69;2,88;0,97;0,262;0,262;0,029;1;9;0,0292;100;
IT0005508590;BTP GREEN 30/04/2035 4%;30/04/2035;EUR;GOV_IT;Italia;BBB+;Baa2;;1000;Senior;25/09/2026;LP;97,56;5965000;4;4,39;6,91;3,84;3,87;7,09;0,758;0,761;0,04;2;4,10;0,041;99,734;
IT0005517195;BTP Italia 22/11/2028 1,6%(senza indicizzazione);22/11/2028;EUR;GOV_IT;Italia;BBB+;Baa2;;1000;Senior;25/09/2026;LP;101,29;2156000;4;0,99;2,09;0,79;0,79;2,1;-2,603;-2,601;0,016;2;5,11;0,0158;100;
IT0005518128;BTP 01/05/2033 4,4%;01/05/2033;EUR;GOV_IT;Italia;BBB+;Baa2;;1000;Senior;25/09/2026;LP;101,33;3504000;4;4,21;5,46;3,66;3,66;5,59;0,588;0,59;0,044;2;5,11;0,0434;101,71;
IT0005519332;INTESA SANPAOLO 22/12/2026 4,08%;22/12/2026;EUR;INTESASP;Intesa Sanpaolo;;;;100000;Senior;25/09/2026;LP;100,27;100000;2;2,84;0,22;1,81;1,81;0,23;0,227;0,227;0,0408;1;12;0,0407;100;
IT0005519787;BTP 15/12/2029 3,85%;15/12/2029;EUR;GOV_IT;Italia;BBB+;Baa2;;1000;Senior;25/09/2026;LP;100,14;5353000;4;3,84;2,91;3,35;3,35;2,94;0,207;0,213;0,0385;2;6,12;0,0384;100,27;
IT0005520470;MEDIOBANCA 21/12/2027 3,4%;21/12/2027;EUR;MEDIOBANCA;Mediobanca;;;;1000;Senior;25/09/2026;LP;99,66;151000;2;3,68;1,15;2,73;2,8;1,17;0,232;0,237;0,034;1;12;0,0341;100;
IT0005521981;BTP 01/04/2028 3,4%;01/04/2028;EUR;GOV_IT;Italia;BBB+;Baa2;;1000;Senior;25/09/2026;LP;99,9;4004000;4;3,5;1,41;3,05;3,05;1,42;-0,022;-0,017;0,034;2;4,10;0,034;99,38;
IT0005530032;BTP 01/09/2043 4,45%;01/09/2043;EUR;GOV_IT;Italia;BBB+;Baa2;;1000;Senior;25/09/2026;LP;95,68;26411000;4;4,88;11,34;4,28;4,3;11,89;1,251;1,25;0,0445;2;3,9;0,0465;99,606;
IT0005532723;BTP Italia 14/03/2028 2%(senza indicizzazione);14/03/2028;EUR;GOV_IT;Italia;BBB+;Baa2;;1000;Senior;25/09/2026;LP;101,86;1505000;4;0,72;1,43;0,47;0,47;1,44;-2,789;-2,786;0,02;2;3,9;0,0196;100;
IT0005534141;BTP 01/10/2053 4,5%;01/10/2053;EUR;GOV_IT;Italia;BBB+;Baa2;;1000;Senior;25/09/2026;LP;92,63;35882000;4;5,06;14,35;4,44;4,45;15,41;1,586;1,523;0,045;2;4,10;0,0486;99,559;
IT0005536435;MEDIOBANCA 13/04/2028 4,15%;13/04/2028;EUR;MEDIOBANCA;Mediobanca;;;;1000;Senior;25/09/2026;LP;100,25;3000;1;3,96;1,44;2,89;2,89;1,47;0,434;0,441;0,0415;1;4;0,0414;100;
IT0005542359;BTP GREEN BOND 30/10/2031 4%;30/10/2031;EUR;GOV_IT;Italia;BBB+;Baa2;;1000;Senior;25/09/2026;LP;100,21;14104000;4;3,99;4,4;3,48;3,48;4,48;0,361;0,365;0,04;2;4,10;0,0399;99,888;
IT0005542797;BTP 15/06/2030 3,7%;15/06/2030;EUR;GOV_IT;Italia;BBB+;Baa2;;1000;Senior;25/09/2026;LP;99,52;14655000;4;3,88;3,33;3,38;3,38;3,38;0,244;0,249;0,037;2;6,12;0,0372;98,26;
IT0005543803;BTPi 15/05/2029 1,5%(senza indicizzazione);15/05/2029;EUR;GOV_IT;Italia;BBB+;Baa2;;1000;Senior;25/09/2026;LP;100,51;189000;2;1,31;2,54;1,1;1,1;2,55;-2,312;-2,309;0,015;2;5,11;0,0149;98,87;
IT0005544082;BTP 01/11/2033 4,35%;01/11/2033;EUR;GOV_IT;Italia;BBB+;Baa2;;1000;Senior;25/09/2026;LP;100,65;6430000;4;4,29;5,82;3,73;3,73;5,97;0,663;0,665;0,0435;2;5,11;0,0432;99,85;
IT0005545287;UNICREDIT 31/05/2028 3,7%;31/05/2028;EUR;UNICREDIT;UniCredit S.p.A;;;;1000;Senior;25/09/2026;LP;99,72;259000;2;3,86;1,57;2,86;2,9;1,6;0,313;0,318;0,037;1;5;0,0371;100;
IT0005547408;BTP VALORE 1 13/06/2027 STEP UP 3,25% - 4%;13/06/2027;EUR;GOV_IT;Italia;BBB+;Baa2;;1000;Senior;25/09/2026;LP;100,531;4662000;4;3,26;0,67;2,75;2,75;0,68;0,053;0,057;0,04;2;6,12;0,0398;100;
IT0005547812;BTPi 15/05/2039 2,4%(senza indicizzazione);15/05/2039;EUR;GOV_IT;Italia;BBB+;Baa2;;1000;Senior;25/09/2026;LP;98,3;1940000;3;2,58;10,58;2,25;2,27;10,81;-1,074;-1,071;0,024;2;5,11;0,0244;99,674;
IT0005548315;BTP 01/08/2028 3,8%;01/08/2028;EUR;GOV_IT;Italia;BBB+;Baa2;;1000;Senior;25/09/2026;LP;100,47;4836000;4;3,56;1,72;3,08;3,08;1,74;-0,011;-0,005;0,038;2;2,8;0,0378;100,21;
IT0005552143;UNICREDITO 24/07/2027 4,05%;24/07/2027;EUR;UNICREDIT;UniCredit S.p.A;;;;150000;Senior;25/09/2026;LP;100,25;150000;1;3,72;0,79;2,68;2,68;0,8;0,435;0,435;0,0405;1;7;0,0404;100;
IT0005560948;BTP 01/03/2034 4,2%;01/03/2034;EUR;GOV_IT;Italia;BBB+;Baa2;;1000;Senior;25/09/2026;LP;99,66;13283000;4;4,3;6,16;3,76;3,76;6,3;0,676;0,678;0,042;2;3,9;0,0421;100;
IT0005561367;BANCA IFIS 13/09/2028 6,875%;13/09/2028;EUR;BANCAIFIS;Banca IFIS S.p.A.;;;;100000;Senior;25/09/2026;LP;102,56;200000;1;5,45;1,8;3,7;3,7;1,84;1,866;1,873;0,06875;1;9;0,067;100;
IT0005561888;BTP 15/11/2030 4%;15/11/2030;EUR;GOV_IT;Italia;BBB+;Baa2;;1000;Senior;25/09/2026;LP;100,41;8089000;4;3,93;3,65;3,41;3,41;3,71;0,295;0,3;0,04;2;5,11;0,0398;99;
IT0005565400;BTP VALORE 2 10/10/2028 STEP UP 4,10%-4,50%;10/10/2028;EUR;GOV_IT;Italia;BBB+;Baa2;;1000;Senior;25/09/2026;LP;101,6;4420000;4;3,72;1,87;3,15;3,15;1,89;0,13;0,137;0,041;0;1,4,7,10;0,0404;100;
IT0005566408;BTP 01/02/2029 4,1%;01/02/2029;EUR;GOV_IT;Italia;BBB+;Baa2;;1000;Senior;25/09/2026;LP;101,03;1808000;4;3,66;2,17;3,12;3,12;2,19;0,053;0,06;0,041;2;2,8;0,0406;98,77;
IT0005580045;BTP 15/02/2027 2,95%;15/02/2027;EUR;GOV_IT;Italia;BBB+;Baa2;;1000;Senior;25/09/2026;LP;100,033;1176000;3;2,85;0,37;2,48;2,48;0,37;0,022;0,022;0,0295;2;2,8;0,0295;99,82;
IT0005580094;BTP 15/02/2031 3,5%;15/02/2031;EUR;GOV_IT;Italia;BBB+;Baa2;;1000;Senior;25/09/2026;LP;98,37;19819000;4;3,94;3,93;3,45;3,49;3,98;0,311;0,315;0,035;2;2,8;0,0356;99,88;
IT0005582421;BTP 01/10/2039 4,15%;01/10/2039;EUR;GOV_IT;Italia;BBB+;Baa2;;1000;Senior;25/09/2026;LP;94,94;9039000;4;4,73;9,43;4,14;4,18;9,8;1,077;1,082;0,0415;2;4,10;0,0437;99,68;
IT0005583486;BTP VALORE 3 05/03/2030 STEP UP 3,25% - 4%;05/03/2030;EUR;GOV_IT;Italia;BBB+;Baa2;;1000;Senior;25/09/2026;LP;99,8;7352000;4;4,03;3,1;3,52;3,52;3,14;0,394;0,399;0,0325;0;3,6,9,12;0,0326;100;
IT0005584849;BTP 01/07/2029 3,35%;01/07/2029;EUR;GOV_IT;Italia;BBB+;Baa2;;1000;Senior;25/09/2026;LP;99,09;5884000;4;3,74;2,54;3,27;3,3;2,56;0,11;0,116;0,0335;2;1,7;0,0338;99,82;
IT0005584856;BTP 01/07/2034 3,85%;01/07/2034;EUR;GOV_IT;Italia;BBB+;Baa2;;1000;Senior;25/09/2026;LP;97;8455000;4;4,36;6,42;3,81;3,85;6,56;0,729;0,732;0,0385;2;1,7;0,0397;99,8;
IT0005584864;INTESA SANPAOLO 28/03/2029 3,4%;28/03/2029;EUR;INTESASP;Intesa Sanpaolo;;;;100000;Senior;25/09/2026;RP;100,11;0;1;3,35;2,32;2,47;2,47;2,36;-0,269;-0,263;0,034;1;3;0,034;100;
IT0005585341;UNICREDIT 10/04/2028 3%;10/04/2028;EUR;UNICREDIT;UniCredit S.p.A;;;;10000;Senior;25/09/2026;RP;99,01;0;1;3,66;1,45;2,71;2,88;1,47;0,14;0,145;0,03;1;4;0,0303;100;
IT0005585853;UNICREDIT 11/03/2037 4,6% CUMULATIVE CALLABLE;11/03/2037;EUR;UNICREDIT;UniCredit S.p.A;;;;10000;Senior;25/09/2026;RP;86,29;0;1;4,79;9,98;3,83;4,08;10,04;1,139;1,139;0,046;0;;0,0533;100;
IT0005588881;BTPi 15/05/2036 1,8%(senza indicizzazione);15/05/2036;EUR;GOV_IT;Italia;BBB+;Baa2;;1000;Senior;25/09/2026;LP;95,56;383000;3;2,33;8,6;2,04;2,1;8,71;-1,315;-1,312;0,018;2;5,11;0,0188;99,763;
IT0005591844;INTESA SANPAOLO 12/04/2034 4,03%;12/04/2034;EUR;INTESASP;Intesa Sanpaolo;;;;100000;Senior;25/09/2026;RP;95,03;0;0;4,83;6,2;3,59;3,75;6,5;1,203;1,206;0,0403;1;4;0,0424;100;
IT0005594483;BTP VALORE 4 14/05/2030 STEP UP 3,35% - 3,90%;14/05/2030;EUR;GOV_IT;Italia;BBB+;Baa2;;1000;Senior;25/09/2026;LP;99,3;5077000;4;4,07;3,26;3,56;3,58;3,3;0,439;0,444;0,0335;0;2,5,8,11;0,0337;100;
IT0005595373;ALPERIA GREEN BOND 05/06/2029 4,75% CALLABLE;05/06/2029;EUR;ALPERIA;Alperia S.p.A.;;;;1000;Senior;25/09/2026;LP;101,32;26000;1;4,27;2,41;3,02;3,02;2,48;0,644;0,652;0,0475;2;6,12;0,0469;100;
IT0005595803;BTP 15/07/2031 3,45%;15/07/2031;EUR;GOV_IT;Italia;BBB+;Baa2;;1000;Senior;25/09/2026;LP;97,78;19137000;4;4;4,25;3,5;3,55;4,31;0,371;0,374;0,0345;2;1,7;0,0353;99,74;
IT0005596470;BTP 30/10/2037 4,05% GREEN BOND;30/10/2037;EUR;GOV_IT;Italia;BBB+;Baa2;;1000;Senior;25/09/2026;LP;95,78;13932000;4;4,59;8,44;4,02;4,06;8,72;0,94;0,945;0,0405;2;4,10;0,0423;99,865;
IT0005596645;UNICREDIT 22/05/2034 5,35% USD;22/05/2034;USD;UNICREDIT;UniCredit S.p.A;;;;2000;Senior;25/09/2026;LP;98,9;4000;1;5,53;6,02;4,1;4,13;6,38;1,901;1,904;0,0535;1;5;0,0541;100;
IT0005597874;KME GROUP 02/08/2029 5,75% CALLABLE;02/08/2029;EUR;KMEGROUP;KME Group S.p.A.;;;;1;Senior;25/09/2026;LP;101,05;355000;2;5,33;2,55;3,85;3,85;2,62;1,706;1,713;0,0575;1;8;0,0569;100;
IT0005599904;BTP 15/07/2027 3,45% ;15/07/2027;EUR;GOV_IT;Italia;BBB+;Baa2;;1000;Senior;25/09/2026;LP;100,25;2594000;3;3,16;0,76;2,72;2,72;0,76;-0,113;-0,109;0,0345;2;1,7;0,0344;100,04;
IT0005603284;CASSA DEPOSITI E PRESTITI 12/07/2031 3,875%;12/07/2031;EUR;CDP;Cassa depositi e prestiti;;;;100000;Senior;25/09/2026;RP;99,15;0;1;4,07;4,25;3,02;3,03;4,38;0,439;0,443;0,03875;1;7;0,0391;99,244;
IT0005606782;MEDIOBANCA 11/09/2029 4,5% USD;11/09/2029;USD;MEDIOBANCA;Mediobanca;;;;2000;Senior;25/09/2026;LP;95,87;12000;1;6,07;2,66;4,51;4,86;2,72;2,437;2,443;0,045;1;9;0,0469;100;
IT0005607970;BTP 01/02/2035 3,85% ;01/02/2035;EUR;GOV_IT;Italia;BBB+;Baa2;;1000;Senior;25/09/2026;LP;96,38;3554000;4;4,42;6,84;3,87;3,92;7,01;0,788;0,791;0,0385;2;2,8;0,0399;101,04;
IT0005611055;BTP 01/10/2029 3% ;01/10/2029;EUR;GOV_IT;Italia;BBB+;Baa2;;1000;Senior;25/09/2026;LP;97,94;10652000;4;3,77;2,75;3,3;3,37;2,78;0,137;0,141;0,03;2;4,10;0,0306;99,74;
IT0005611741;BTP 01/10/2054 4,3% ;01/10/2054;EUR;GOV_IT;Italia;BBB+;Baa2;;1000;Senior;25/09/2026;LP;89,41;58075000;4;5,07;14,73;4,45;4,47;15,84;1,614;1,543;0,043;2;4,10;0,0481;99,789;
IT0005615114;MEDIOBANCA 13/11/2030 4,25% USD;13/11/2030;USD;MEDIOBANCA;Mediobanca;;;;2000;Senior;25/09/2026;LP;95,39;4000;1;5,53;3,52;4,11;4,39;3,66;1,894;1,899;0,0425;1;11;0,0446;100;
IT0005619546;BTP 15/11/2031 3,15% ;15/11/2031;EUR;GOV_IT;Italia;BBB+;Baa2;;1000;Senior;25/09/2026;LP;96,05;22362000;4;4,05;4,53;3,55;3,64;4,59;0,417;0,42;0,0315;2;5,11;0,0328;99,831;
IT0005620346;MEDIOBANCA 16/12/2030 4,35% USD;16/12/2030;USD;MEDIOBANCA;Mediobanca;;;;2000;Senior;25/09/2026;RP;95,88;0;1;5,47;3,61;4,06;4,31;3,74;1,833;1,838;0,0435;1;12;0,0454;100;
IT0005621369;INTESA SAN PAOLO 15/11/2029 3,1% ;15/11/2029;EUR;INTESASP;Intesa Sanpaolo;;;;100000;Senior;25/09/2026;RP;96,69;0;0;4,25;2,83;3,15;3,43;2,89;0,619;0,624;0,031;1;11;0,0321;100;
IT0005622128;BTP 15/10/2027 2,7% ;15/10/2027;EUR;GOV_IT;Italia;BBB+;Baa2;;1000;Senior;25/09/2026;LP;99,47;3378000;4;3,25;0,99;2,84;2,9;1;-0,146;-0,143;0,027;2;4,10;0,0271;99,96;
IT0005631590;BTP 01/08/2035 3,65% ;01/08/2035;EUR;GOV_IT;Italia;BBB+;Baa2;;1000;Senior;25/09/2026;LP;94,46;8971000;4;4,46;7,22;3,91;3,98;7,4;0,827;0,83;0,0365;2;2,8;0,0386;99,577;
IT0005631608;BTP GREEN BOND 30/04/2046 4,1% ;30/04/2046;EUR;GOV_IT;Italia;BBB+;Baa2;;1000;Senior;25/09/2026;LP;90,13;20018000;4;4,95;12,43;4,34;4,39;13,1;1,336;1,329;0,041;2;4,10;0,0455;99,465;
IT0005633794;BTP 25/02/2027 2,55% ;25/02/2027;EUR;GOV_IT;Italia;BBB+;Baa2;;1000;Senior;25/09/2026;LP;99,878;892000;3;2,85;0,4;2,49;2,52;0,4;-0,032;-0,032;0,0255;2;2,8;0,0255;99,91;
IT0005634800;BTP PIU' 25/02/2033 STEP UP 2,85% - 3,7%;25/02/2033;EUR;GOV_IT;Italia;BBB+;Baa2;;1000;Senior;25/09/2026;LP;94,64;2980000;4;4,38;5,55;3,84;3,94;5,64;0,759;0,761;0,0285;0;2,5,8,11;0,0301;100;
IT0005635583;BTP 01/10/2040 3,85%;01/10/2040;EUR;GOV_IT;Italia;BBB+;Baa2;;1000;Senior;25/09/2026;LP;91,02;13119000;4;4,79;10,08;4,21;4,27;10,47;1,138;1,143;0,0385;2;4,10;0,0423;99,375;
IT0005635963;INTESA SAN PAOLO 21/02/2027 2,52%;21/02/2027;EUR;INTESASP;Intesa Sanpaolo;;;;100000;Senior;25/09/2026;RP;99,65;0;0;3,4;0,38;2,52;2,75;0,39;0,535;0,535;0,0252;1;2;0,0253;100;
IT0005637399;BTP 01/07/2030 2,95%;01/07/2030;EUR;GOV_IT;Italia;BBB+;Baa2;;1000;Senior;25/09/2026;LP;96,9;5163000;4;3,88;3,42;3,4;3,5;3,46;0,25;0,254;0,0295;2;1,7;0,0304;100,2;
IT0005638371;UNICREDIT 10/03/2038 4,5% Cumulative Callable;10/03/2038;EUR;UNICREDIT;UniCredit S.p.A;;;;1000;Senior;25/09/2026;LP;87,5;20000;1;4,62;10,95;3,67;3,88;11,02;0,974;0,974;0,045;0;;0,0514;100;
IT0005641029;BTP 15/06/2028 2,65%;15/06/2028;EUR;GOV_IT;Italia;BBB+;Baa2;;1000;Senior;25/09/2026;LP;98,57;3643000;4;3,55;1,61;3,1;3,2;1,62;-0,01;-0,006;0,0265;2;6,12;0,0269;99,69;
IT0005647265;BTP 15/07/2032 3,25%;15/07/2032;EUR;GOV_IT;Italia;BBB+;Baa2;;1000;Senior;25/09/2026;LP;95,7;2189000;4;4,13;5,07;3,62;3,71;5,15;0,507;0,509;0,0325;2;1,7;0,034;99,974;
IT0005647273;BTPi 15/05/2056  2,55%(senza indicizzazione);15/05/2056;EUR;GOV_IT;Italia;BBB+;Baa2;;3000;Senior;25/09/2026;LP;94,76;3262000;3;2,83;19,93;2,48;2,5;20,87;-0,591;-0,643;0,0255;2;5,11;0,0269;99,268;
IT0005648149;BTP 01/10/2035 3,6%;01/10/2035;EUR;GOV_IT;Italia;BBB+;Baa2;;1000;Senior;25/09/2026;LP;93,89;3716000;4;4,48;7,25;3,93;4;7,44;0,842;0,845;0,036;2;4,10;0,0383;100,09;
IT0005648255;BTP Italia 04/06/2032 1,85%(senza indicizzazione);04/06/2032;EUR;GOV_IT;Italia;BBB+;Baa2;;1000;Senior;25/09/2026;LP;100,8;6209000;4;1,71;5,3;1,48;1,48;5,35;-1,916;-1,915;0,0185;2;6,12;0,0184;100;
IT0005654642;BTP 01/10/2030 2,7%;01/10/2030;EUR;GOV_IT;Italia;BBB+;Baa2;;1000;Senior;25/09/2026;LP;95,63;14097000;4;3,93;3,62;3,44;3,57;3,66;0,294;0,297;0,027;2;4,10;0,0282;99,761;
IT0005657330;BTP 26/08/2027 2,1%;26/08/2027;EUR;GOV_IT;Italia;BBB+;Baa2;;1000;Senior;25/09/2026;LP;99,042;2694000;4;3,21;0,87;2,8;2,94;0,88;-0,131;-0,129;0,021;2;2,8;0,0212;99,99;
IT0005657348;BTPi 15/08/2031 1,1%(senza indicizzazione);15/08/2031;EUR;GOV_IT;Italia;BBB+;Baa2;;1000;Senior;25/09/2026;LP;97,9;1514000;3;1,55;4,68;1,36;1,4;4,7;-2,076;-2,074;0,011;0;2,8;0,0112;99,38;
IT0005660052;BTP 15/01/2029 2,35%;15/01/2029;EUR;GOV_IT;Italia;BBB+;Baa2;;1000;Senior;25/09/2026;LP;97,2;2903000;4;3,66;2,16;3,21;3,35;2,17;0,054;0,058;0,0235;2;1,7;0,0242;99,66;
IT0005667982;UNICREDIT 09/09/2030 2,8%;09/09/2030;EUR;UNICREDIT;UniCredit S.p.A;;;;100000;Senior;25/09/2026;RP;94,23;0;0;4,43;3,62;3,29;3,67;3,69;0,792;0,795;0,028;1;9;0,0297;100;
IT0005668220;BTP 15/11/2032 3,25%;15/11/2032;EUR;GOV_IT;Italia;BBB+;Baa2;;1000;Senior;25/09/2026;LP;95,28;21786000;4;4,17;5,3;3,65;3,74;5,39;0,546;0,548;0,0325;2;5,11;0,0341;99,667;
IT0005668238;BTP 01/10/2055 4,65%;01/10/2055;EUR;GOV_IT;Italia;BBB+;Baa2;;1000;Senior;25/09/2026;LP;94,09;37543000;4;5,1;14,68;4,47;4,48;15,83;1,668;1,584;0,0465;2;4,10;0,0494;99,56;
IT0005671273;BTP 01/02/2031 2,85%;01/02/2031;EUR;GOV_IT;Italia;BBB+;Baa2;;1000;Senior;25/09/2026;LP;95,76;10842000;4;3,96;3,93;3,47;3,58;3,98;0,325;0,328;0,0285;0;2,8;0,0298;99,66;
IT0005672024;BTP VALORE 6 28/10/2032 STEP UP 2,6% - 4%;28/10/2032;EUR;GOV_IT;Italia;BBB+;Baa2;;1000;Senior;25/09/2026;LP;94,31;4177000;4;4,32;5,33;3,79;3,9;5,41;0,695;0,697;0,026;0;1,4,7,10;0,0276;100;
IT0005674335;BOT 14/10/2026 ZC;14/10/2026;EUR;GOV_IT;Italia;BBB+;Baa2;;1000;Senior;25/09/2026;LP;99,899;1459000;3;2,49;0,04;2,17;2,23;0,04;-0,125;-0,125;0;0;;0;97,964;
IT0005675597;CASSA DEPOSITI E PRESTITI 27/10/2035 3,5%;27/10/2035;EUR;CDP;Cassa depositi e prestiti;;;;100000;Senior;25/09/2026;RP;91,5;0;0;4,67;7,26;3,49;3,69;7,67;1,031;1,034;0,035;1;10;0,0383;99,222;
IT0005676504;BTP 01/02/2036 3,45%;01/02/2036;EUR;GOV_IT;Italia;BBB+;Baa2;;1000;Senior;25/09/2026;LP;92,37;4283000;4;4,51;7,61;3,95;4,04;7,8;0,863;0,867;0,0345;0;2,8;0,0373;100,19;
IT0005678492;BOT 13/11/2026 ZC;13/11/2026;EUR;GOV_IT;Italia;BBB+;Baa2;;1000;Senior;25/09/2026;LP;99,688;1793000;3;2,57;0,12;2,24;2,3;0,12;-0,047;-0,047;0;0;;0;97,957;
IT0005678518;INTESA SAN PAOLO 18/11/2029 2,67%;18/11/2029;EUR;INTESASP;Intesa Sanpaolo;;;;100000;Senior;25/09/2026;RP;95,41;0;0;4,26;2,86;3,17;3,55;2,91;0,632;0,635;0,0267;1;11;0,028;100;
IT0005684888;BOT 14/12/2026 ZC;14/12/2026;EUR;GOV_IT;Italia;BBB+;Baa2;;1000;Senior;25/09/2026;LP;99,47;1930000;4;2,59;0,2;2,26;2,31;0,2;-0,029;-0,029;0;0;;0;97,825;
IT0005689861;UNICREDIT 14/01/2051 7,25% Cumulative Callable;14/01/2051;EUR;UNICREDIT;UniCredit S.p.A;;;;1000;Senior;25/09/2026;LP;95,33;9000;1;4,33;23,3;3,58;3,6;23,46;0,795;0,795;0,0725;0;;0,0761;100;
IT0005689887;BOT 14/01/2027 ZC;14/01/2027;EUR;GOV_IT;Italia;BBB+;Baa2;;1000;Senior;25/09/2026;LP;99,21;8846000;4;2,74;0,29;2,4;2,47;0,29;0,066;0,066;0;0;;0;97,904;
IT0005689895;UNICREDIT 13/01/2030 2,75%;13/01/2030;EUR;UNICREDIT;UniCredit S.p.A;;;;150000;Senior;25/09/2026;RP;94,78;0;0;4,52;3,01;3,35;3,77;3,07;0,889;0,893;0,0275;2;1,7;0,029;100;
IT0005689960;BTP 15/03/2029 2,4%;15/03/2029;EUR;GOV_IT;Italia;BBB+;Baa2;;1000;Senior;25/09/2026;LP;97,07;6909000;4;3,69;2,31;3,23;3,38;2,33;0,079;0,083;0,024;0;3,9;0,0247;99,82;
IT0005689994;BTP 15/03/2033 3,15%;15/03/2033;EUR;GOV_IT;Italia;BBB+;Baa2;;1000;Senior;25/09/2026;LP;94,27;5010000;4;4,22;5,63;3,7;3,8;5,72;0,592;0,594;0,0315;0;3,9;0,0334;99,901;
IT0005692410;BTP 28/02/2028 2,2%;28/02/2028;EUR;GOV_IT;Italia;BBB+;Baa2;;1000;Senior;25/09/2026;LP;98,33;2354000;3;3,44;1,35;3,01;3,15;1,36;-0,057;-0,054;0,022;0;2,8;0,0224;99,91;
IT0005694630;BTP 01/10/2041 3,95%;01/10/2041;EUR;GOV_IT;Italia;BBB+;Baa2;;1000;Senior;25/09/2026;LP;91,1;8803000;4;4,85;10,52;4,25;4,31;10,96;1,198;1,201;0,0395;0;4,10;0,0434;99,99;
IT0005695256;BOT 12/02/2027 ZC;12/02/2027;EUR;GOV_IT;Italia;BBB+;Baa2;;1000;Senior;25/09/2026;LP;98,982;1765000;3;2,78;0,36;2,43;2,52;0,36;-0,032;-0,032;0;0;;0;97,952;
IT0005696338;BTP VALORE 7 10/03/2032 STEP UP 2,60% - 3,80%;10/03/2032;EUR;GOV_IT;Italia;BBB+;Baa2;;1000;Senior;25/09/2026;LP;95,37;3059000;4;4,25;4,83;3,73;3,83;4,89;0,625;0,627;0,026;0;3,6,9,12;0,0273;100;
IT0005698458;UNICREDIT 09/03/2046 6% Cumulative Callable;09/03/2046;EUR;UNICREDIT;UniCredit S.p.A;;;;1000;Senior;25/09/2026;RP;97,88;0;1;4,07;18,69;3,29;3,3;18,83;0,461;0,461;0,06;0;;0,0613;100;
IT0005699340;BOT 12/03/2027 ZC;12/03/2027;EUR;GOV_IT;Italia;BBB+;Baa2;;1000;Senior;25/09/2026;LP;98,782;2477000;4;2,76;0,44;2,41;2,46;0,44;-0,183;-0,183;0;0;;0;97,658;
IT0005704447;BOT 14/04/2027 ZC;14/04/2027;EUR;GOV_IT;Italia;BBB+;Baa2;;1000;Senior;25/09/2026;LP;98,46;4696000;4;2,92;0,52;2,55;2,58;0,53;-0,137;-0,137;0;0;;0;97,428;
IT0005704868;BTP 15/06/2033 3,3%;15/06/2033;EUR;GOV_IT;Italia;BBB+;Baa2;;1000;Senior;25/09/2026;LP;94,76;7733000;4;4,25;5,75;3,72;3,8;5,85;0,624;0,626;0,033;0;6,12;0,0348;98,86;
IT0005706285;BTP 01/07/2036 3,8%;01/07/2036;EUR;GOV_IT;Italia;BBB+;Baa2;;1000;Senior;25/09/2026;LP;94,58;8887000;4;4,54;7,76;3,98;4,04;7,97;0,894;0,899;0,038;0;1,7;0,0402;99,731;
IT0005706293;BTPi 15/02/2046 2,25%(senza indicizzazione);15/02/2046;EUR;GOV_IT;Italia;BBB+;Baa2;;1000;Senior;25/09/2026;LP;92,45;1367000;3;2,77;15,17;2,44;2,47;15,62;-0,839;-0,843;0,0225;2;2,8;0,0243;99,459;
IT0005707614;BTP 01/06/2031 3,15%;01/06/2031;EUR;GOV_IT;Italia;BBB+;Baa2;;1000;Senior;25/09/2026;LP;96,5;13955000;4;4,02;4,16;3,52;3,59;4,22;0,386;0,389;0,0315;0;6,12;0,0326;99,34;
IT0005709289;BOT 14/05/2027 ZC;14/05/2027;EUR;GOV_IT;Italia;BBB+;Baa2;;1000;Senior;25/09/2026;LP;98,168;1584000;3;3,02;0,6;2,63;2,67;0,61;-0,115;-0,115;0;0;;0;97,336;
IT0005711111;MEDIOBANCA 03/06/2029 3,2%;03/06/2029;EUR;MEDIOBANCA;Mediobanca;;;;1000;Senior;25/09/2026;RP;97,44;0;0;4,29;2,46;3,17;3,42;2,51;0,662;0,667;0,032;4;3,6,9,12;0,0328;100;
IT0005711749;BOT 30/11/2026 ZC;30/11/2026;EUR;GOV_IT;Italia;BBB+;Baa2;;1000;Senior;25/09/2026;LP;99,57;1141000;3;2,57;0,17;2,24;2,26;0,17;-0,045;-0,045;0;0;;0;98,776;
IT0005713042;CASSA DEPOSITI E PRESTITI 03/06/2031 3,25%;03/06/2031;EUR;CDP;Cassa depositi e prestiti;;;;100000;Senior;25/09/2026;RP;96,13;0;0;4,17;4,19;3,1;3,29;4,3;0,542;0,546;0,0325;1;6;0,0338;99,691;
IT0005713547;BTP Italia Si 23/06/2031 1,6%(senza indicizzazione);23/06/2031;EUR;GOV_IT;Italia;BBB+;Baa2;;1000;Senior;25/09/2026;LP;100,14;3435000;4;1,58;4,49;1,37;1,37;4,52;-2,055;-2,053;0,016;2;6,12;0,016;100;
IT0005716714;BOT 14/06/2027 ZC;14/06/2027;EUR;GOV_IT;Italia;BBB+;Baa2;;1000;Senior;25/09/2026;LP;97,872;2424000;3;3,09;0,69;2,7;2,74;0,69;-0,115;-0,115;0;0;;0;97,326;
IT0005716839;BTP 15/09/2029 3%;15/09/2029;EUR;GOV_IT;Italia;BBB+;Baa2;;1000;Senior;25/09/2026;LP;98,04;9240000;4;3,74;2,75;3,27;3,35;2,77;0,11;0,114;0,03;0;3,9;0,0306;99,96;
IT0005719536;BOT 31/12/2026 ZC;31/12/2026;EUR;GOV_IT;Italia;BBB+;Baa2;;1000;Senior;25/09/2026;LP;99,339;5731000;4;2,64;0,25;2,3;2,32;0,25;0,016;0,016;0;0;;0;98,749;
IT0005722514;BOT 14/07/2027 ZC;14/07/2027;EUR;GOV_IT;Italia;BBB+;Baa2;;1000;Senior;25/09/2026;LP;97,73;1250000;3;2,95;0,77;2,58;2,6;0,77;-0,314;-0,314;0;0;;0;97,345;
IT0005722845;BTP 15/09/2033 3,35%;15/09/2033;EUR;GOV_IT;Italia;BBB+;Baa2;;1000;Senior;25/09/2026;LP;94,66;2200000;4;4,29;5,98;3,76;3,84;6,09;0,665;0,667;0,0335;0;3,9;0,0354;99,22;
IT0005725160;BTPi 15/02/2037 2%(senza indicizzazione);15/02/2037;EUR;GOV_IT;Italia;BBB+;Baa2;;1000;Senior;25/09/2026;LP;96,31;1598000;3;2,42;9,16;2,12;2,16;9,3;-1,231;-1,228;0,02;0;2,8;0,0208;99,74;
IT0005725236;BOT 29/01/2027 ZC;29/01/2027;EUR;GOV_IT;Italia;BBB+;Baa2;;1000;Senior;25/09/2026;LP;99,082;1004000;3;2,8;0,33;2,44;2,47;0,33;0,051;0,051;0;0;;0;98,719;
IT0005729220;BOT 13/08/2027 ZC;13/08/2027;EUR;GOV_IT;Italia;BBB+;Baa2;;1000;Senior;25/09/2026;LP;97,312;11822000;4;3,18;0,84;2,77;2,82;0,85;-0,141;-0,141;0;0;;0;97,277;
IT0005729733;BTP 30/10/2028 3%;30/10/2028;EUR;GOV_IT;Italia;BBB+;Baa2;;1000;Senior;25/09/2026;LP;98,83;12525000;4;3,62;1,96;3,16;3,23;1,97;0,024;0,028;0,03;0;4,10;0,0304;100,01;
IT0005729931;BTP 01/10/2036 4%;01/10/2036;EUR;GOV_IT;Italia;BBB+;Baa2;;1000;Senior;25/09/2026;LP;95,88;14723000;4;4,57;7,91;4;4,04;8,14;0,917;0,923;0,04;0;4,10;0,0417;99,56;
IT0005730681;BOT 14/09/2027 ZC;14/09/2027;EUR;GOV_IT;Italia;BBB+;Baa2;;1000;Senior;25/09/2026;LP;97,035;18992000;4;3,19;0,93;2,78;2,8;0,93;-0,172;-0,172;0;0;;0;97,08;
IT0006526609;BEI 22/01/2029 ZC;22/01/2029;EUR;SOV_BEI;European Investment Bank;AAA;;;1000;Senior;25/09/2026;LP;206,99;6000;1;2,67;2,26;2,32;2,32;2,27;-0,94;-0,94;0;;;0;100;
IT0006527300;BEI 26/02/2029 ZC;26/02/2029;EUR;SOV_BEI;European Investment Bank;AAA;;;1000;Senior;25/09/2026;LP;186,99;17000;1;2,83;2,35;2,64;2,7;2,35;-0,783;-0,783;0;;;0;100;
IT0006768151;CARRARO 17/04/2030 5,25% CALLABLE;17/04/2030;EUR;CARRARO;Carraro S.p.A.;;;;1000;Senior;25/09/2026;LP;100,7;178000;2;5,1;3,05;3,71;3,71;3,17;1,464;1,47;0,0525;2;4,10;0,0521;100;
NL0000102234;OLANDA 15/01/2037 4%;15/01/2037;EUR;GOV_NL;Paesi Bassi;AAA;Aaa;;1000;Senior;25/09/2026;LP;102,3;17000;1;3,73;8,13;3,23;3,23;8,36;0,076;0,081;0,04;1;1;0,0391;98,728;
NL0000102317;OLANDA 15/01/2028 5,5%;15/01/2028;EUR;GOV_NL;Paesi Bassi;AAA;Aaa;;1000;Senior;25/09/2026;LP;102,84;5000;1;3,21;1,21;2,55;2,55;1,22;-0,254;-0,245;0,055;1;1;0,0535;100,27;
NL0009446418;OLANDA 15/01/2042 3,75%;15/01/2042;EUR;GOV_NL;Paesi Bassi;AAA;Aaa;;1000;Senior;25/09/2026;LP;98,44;240000;2;3,89;11,14;3,4;3,41;11,57;0,24;0,243;0,0375;1;1;0,0381;99,05;
NL0010071189;OLANDA 15/01/2033 2,5%;15/01/2033;EUR;GOV_NL;Paesi Bassi;AAA;Aaa;;1000;Senior;25/09/2026;RP;94,15;0;1;3,55;5,59;3,13;3,22;5,66;-0,072;-0,071;0,025;1;1;0,0266;96,29;
NL0010721999;OLANDA 15/01/2047 2,75%;15/01/2047;EUR;GOV_NL;Paesi Bassi;AAA;Aaa;;1000;Senior;25/09/2026;RP;83,51;0;1;3,95;14,41;3,48;3,56;14,99;0,34;0,333;0,0275;1;1;0,0329;99,64;
NL0012171458;OLANDA 15/07/2027 0,75%;15/07/2027;EUR;GOV_NL;Paesi Bassi;AAA;Aaa;;1000;Senior;25/09/2026;LP;98,26;22000;1;3;0,77;2,63;2,91;0,77;-0,264;-0,264;0,0075;1;7;0,0076;100,43;
NL0012818504;OLANDA 15/07/2028 0,75%;15/07/2028;EUR;GOV_NL;Paesi Bassi;AAA;Aaa;;1000;Senior;25/09/2026;LP;95,67;51000;1;3,27;1,73;2,87;3,17;1,73;-0,294;-0,293;0,0075;1;7;0,0078;99,6;
NL0013332430;OLANDA 15/07/2029 0,25%;15/07/2029;EUR;GOV_NL;Paesi Bassi;AAA;Aaa;;1000;Senior;25/09/2026;LP;91,81;1437107;1;3,37;2,69;2,96;3,33;2,7;-0,253;-0,253;0,0025;1;7;0,0027;98,9;
NL0013552060;OLANDA GREEN BOND 15/01/2040 0,5%;15/01/2040;EUR;GOV_NL;Paesi Bassi;AAA;Aaa;;1000;Senior;25/09/2026;LP;65,95;9000;1;3,81;12,24;3,41;3,73;12,32;0,161;0,162;0,005;1;1;0,0076;98,89;
NL0014555419;OLANDA 15/07/2030 0%;15/07/2030;EUR;GOV_NL;Paesi Bassi;AAA;Aaa;;1000;Senior;25/09/2026;LP;88;49000;1;3,43;3,67;3,02;3,43;3,67;-0,203;-0,203;0;1;7;0;104,92;
NL00150006U0;OLANDA 15/07/2031 0%;15/07/2031;EUR;GOV_NL;Paesi Bassi;AAA;Aaa;;1000;Senior;25/09/2026;LP;84,91;33503;1;3,47;4,63;3,06;3,47;4,63;-0,159;-0,159;0;1;7;0;103,35;
NL0015000B11;OLANDA 15/01/2038 0%;15/01/2038;EUR;GOV_NL;Paesi Bassi;AAA;Aaa;;1000;Senior;25/09/2026;LP;65,72;3000;2;3,79;10,89;3,39;3,77;10,89;0,137;0,137;0;1;1;0;96,9;
NL0015000LS8;OLANDA 15/01/2029 0%;15/01/2029;EUR;GOV_NL;Paesi Bassi;AAA;Aaa;;1000;Senior;25/09/2026;LP;92,72;181499;2;3,35;2,22;2,94;3,35;2,22;-0,261;-0,261;0;1;1;0;101,85;
NL0015000RP1;OLANDA 15/07/2032 0,5%;15/07/2032;EUR;GOV_NL;Paesi Bassi;AAA;Aaa;;1000;Senior;25/09/2026;LP;84,63;10000;1;3,47;5,52;3,07;3,4;5,53;-0,151;-0,15;0,005;1;7;0,0059;99,28;
NL00150012X2;OLANDA 15/01/2054 2%;15/01/2054;EUR;GOV_NL;Paesi Bassi;AAA;Aaa;;1000;Senior;25/09/2026;LP;68,43;6000;1;3,9;18,66;3,47;3,56;19,48;0,43;0,393;0,02;1;1;0,0292;92,79;
NL0015001AM2;OLANDA 15/07/2033 2,5%;15/07/2033;EUR;GOV_NL;Paesi Bassi;AAA;Aaa;;1000;Senior;25/09/2026;RP;93,57;0;1;3,58;6,06;3,15;3,24;6,14;-0,041;-0,04;0,025;1;7;0,0267;98,6;
NL0015001DQ7;OLANDA 15/01/2030 2,5%;15/01/2030;EUR;GOV_NL;Paesi Bassi;AAA;Aaa;;1000;Senior;25/09/2026;LP;97,17;115068;1;3,42;3,04;3;3,1;3,07;-0,211;-0,206;0,025;1;1;0,0257;99,62;
NL0015001RG8;OLANDA GREEN BOND 15/01/2044 3,25% ;15/01/2044;EUR;GOV_NL;Paesi Bassi;AAA;Aaa;;1;Senior;25/09/2026;LP;92,32;2000;2;3,87;12,52;3,4;3,43;13;0,236;0,235;0,0325;1;1;0,0352;98,63;
NL0015001XZ6;OLANDA 15/07/2034 2,5% ;15/07/2034;EUR;GOV_NL;Paesi Bassi;AAA;Aaa;;1;Senior;25/09/2026;RP;92,45;0;1;3,63;6,86;3,19;3,29;6,96;0,003;0,004;0,025;1;7;0,027;98,41;
NL0015002F72;OLANDA 15/07/2035 2,5%;15/07/2035;EUR;GOV_NL;Paesi Bassi;AAA;Aaa;;1;Senior;25/09/2026;LP;91,34;50000;1;3,67;7,63;3,23;3,32;7,76;0,035;0,037;0,025;1;7;0,0274;97,96;
NL0015031501;OLANDA 15/01/2027 0%;15/01/2027;EUR;GOV_NL;Paesi Bassi;AAA;Aaa;;1000;Senior;25/09/2026;LP;99,244;1140000;2;2,6;0,29;2,27;2,6;0,29;-0,083;-0,083;0;1;1;0;102,57;
NL0015073TQ2;OLANDA 15/01/2031 2,5%;15/01/2031;EUR;GOV_NL;Paesi Bassi;AAA;Aaa;;1;Senior;25/09/2026;LP;96,19;10008000;2;3,47;3,92;3,04;3,14;3,96;-0,164;-0,161;0,025;1;1;0,026;99,88;
NL0015073VV8;OLANDA 15/07/2036 2,75%;15/07/2036;EUR;GOV_NL;Paesi Bassi;AAA;Aaa;;1;Senior;25/09/2026;LP;92,37;10000;1;3,69;8,31;3,24;3,31;8,47;0,043;0,047;0,0275;0;7;0,0298;98,2;
NL0015614579;OLANDA 15/01/2052 0%;15/01/2052;EUR;GOV_NL;Paesi Bassi;AAA;Aaa;;1000;Senior;25/09/2026;LP;38,2;10000;2;3,88;24,37;3,55;3,88;24,37;0,366;0,366;0;1;1;0;99,13;
NO0010786288;NORVEGIA 17/02/2027 1,75% NOK;17/02/2027;NOK;GOV_NO;Norvegia;AAA;Aaa;;1000;Senior;25/09/2026;LP;98,91;588000;1;4,64;0,37;4,06;4,41;0,37;1,796;1,796;0,0175;1;2;0,0177;99,41;
NO0010821598;NORVEGIA 26/04/2028 2% NOK;26/04/2028;NOK;GOV_NO;Norvegia;AAA;Aaa;;1000;Senior;25/09/2026;LP;95,76;397000;1;4,85;1,48;4,25;4,59;1,49;1,318;1,321;0,02;1;4;0,0209;99,901;
NO0010844079;NORVEGIA 06/09/2029 1,75% NOK;06/09/2029;NOK;GOV_NO;Norvegia;AAA;Aaa;;1000;Senior;25/09/2026;RP;91,77;0;1;4,82;2,75;4,23;4,59;2,76;1,192;1,194;0,0175;1;9;0,0191;99,539;
NO0010875230;NORVEGIA 19/08/2030 1,375% NOK;19/08/2030;NOK;GOV_NO;Norvegia;AAA;Aaa;;1000;Senior;25/09/2026;RP;88,28;0;1;4,75;3,63;4,18;4,55;3,65;1,113;1,115;0,01375;1;8;0,0156;98,94;
NO0010930522;NORVEGIA 17/09/2031 1,25% NOK;17/09/2031;NOK;GOV_NO;Norvegia;AAA;Aaa;;1000;Senior;25/09/2026;RP;85,11;0;1;4,68;4,62;4,12;4,51;4,64;1,046;1,047;0,0125;1;9;0,0147;100;
NO0012440397;NORVEGIA 18/05/2032 2,125% NOK;18/05/2032;NOK;GOV_NO;Norvegia;AAA;Aaa;;1000;Senior;25/09/2026;RP;87,7;0;1;4,65;5,07;4,1;4,36;5,12;1,027;1,028;0,02125;1;5;0,0242;99,567;
NO0012712506;NORVEGIA 06/10/2042 3,5% NOK;06/10/2042;NOK;GOV_NO;Norvegia;AAA;Aaa;;1000;Senior;25/09/2026;LP;88,5;559000;1;4,52;11,3;3,98;4,05;11,77;0,884;0,885;0,035;1;10;0,0395;98,216;
NO0012837642;NORVEGIA 15/08/2033 3% NOK;15/08/2033;NOK;GOV_NO;Norvegia;AAA;Aaa;;1000;Senior;25/09/2026;RP;90,64;0;0;4,62;5,98;4,06;4,21;6,07;0,994;0,995;0,03;1;8;0,0331;98,601;
NO0013238246;NORVEGIA 31/05/2039 3,625% NOK;31/05/2039;NOK;GOV_NO;Norvegia;AAA;Aaa;;1000;Senior;25/09/2026;RP;90,89;0;1;4,59;9,68;4,03;4,1;9,98;0,937;0,941;0,03625;1;5;0,0399;98,844;
PTOTE3OE0025;PORTOGALLO 12/06/2054 3,625%;12/06/2054;EUR;GOV_PT;Portogallo;A+;A3;;1;Senior;25/09/2026;LP;88,07;9817;1;4,38;16,32;3,85;3,88;17,32;0,914;0,855;0,03625;1;6;0,0412;99,043;
PTOTE4OE0008;PORTOGALLO 15/06/2040 3,375%;15/06/2040;EUR;GOV_PT;Portogallo;A+;A3;;1;Senior;25/09/2026;LP;91,4;5000;1;4,21;10,51;3,7;3,76;10,84;0,56;0,564;0,03375;0;6;0,0369;98,569;
PTOTE5OE0007;PORTOGALLO 15/04/2037 4,1%;15/04/2037;EUR;GOV_PT;Portogallo;A+;A3;;1000;Senior;25/09/2026;LP;100,5;35000;1;4,04;8,28;3,53;3,53;8,53;0,389;0,394;0,041;1;4;0,0408;99,596;
PTOTEAOE0005;PORTOGALLO 15/06/2035 3% ;15/06/2035;EUR;GOV_PT;Portogallo;A+;A3;;1;Senior;25/09/2026;LP;93,57;2000;1;3,88;7,4;3,41;3,49;7,54;0,249;0,251;0,03;1;6;0,0321;99,36;
PTOTEBOE0020;PORTOGALLO 15/02/2045 4,10%;15/02/2045;EUR;GOV_PT;Portogallo;A+;A3;;1000;Senior;25/09/2026;LP;96,93;94000;1;4,34;12,31;3,81;3,82;12,89;0,723;0,719;0,041;1;2;0,0423;99,47;
PTOTECOE0037;PORTOGALLO 12/04/2052 1%;12/04/2052;EUR;GOV_PT;Portogallo;A+;A3;;1000;Senior;25/09/2026;LP;48,9;120000;1;4,35;19,95;3,93;4,16;20,49;0,848;0,832;0,01;1;4;0,0204;99,414;
PTOTEDOE0010;PORTOGALLO 13/06/2036 3,25%;13/06/2036;EUR;GOV_PT;Portogallo;A+;A3;;1;Senior;25/09/2026;LP;94,23;50000;1;3,98;8,03;3,49;3,56;8,21;0,328;0,333;0,0325;0;6;0,0345;99,978;
PTOTEEOE0019;PORTOGALLO 15/06/2046 3,875%;15/06/2046;EUR;GOV_PT;Portogallo;A+;A3;;1;Senior;25/09/2026;LP;93,36;7000;1;4,38;13,16;3,85;3,88;13,79;0,772;0,765;0,03875;0;6;0,0415;99,477;
PTOTELOE0028;PORTOGALLO 18/10/2030 0,475% ;18/10/2030;EUR;GOV_PT;Portogallo;A+;A3;;1000;Senior;25/09/2026;RP;88,67;0;1;3,52;3,86;3,1;3,46;3,87;-0,108;-0,107;0,00475;1;10;0,0054;99,749;
PTOTEMOE0035;PORTOGALLO 15/10/2027 0,7%;15/10/2027;EUR;GOV_PT;Portogallo;A+;A3;;1000;Senior;25/09/2026;LP;97,63;69000;1;3,04;1,01;2,66;2,95;1,01;-0,351;-0,351;0,007;1;10;0,0072;99,811;
PTOTENOE0034;PORTOGALLO 12/10/2035 0,9% ;12/10/2035;EUR;GOV_PT;Portogallo;A+;A3;;1000;Senior;25/09/2026;LP;77,49;30000;1;3,9;8,25;3,46;3,77;8,31;0,267;0,268;0,009;1;10;0,0116;99,602;
PTOTEOOE0033;PORTOGALLO 17/10/2031 0,3% ;17/10/2031;EUR;GOV_PT;Portogallo;A+;A3;;1000;Senior;25/09/2026;LP;84,96;27000;2;3,61;4,82;3,19;3,57;4,83;-0,02;-0,019;0,003;1;10;0,0035;99,547;
PTOTEPOE0032;PORTOGALLO 11/04/2042 1,15%;11/04/2042;EUR;GOV_PT;Portogallo;A+;A3;;1000;Senior;25/09/2026;RP;65;0;1;4,28;13,25;3,83;4,09;13,47;0,637;0,638;0,0115;1;4;0,0177;99,372;
PTOTEQOE0023;PORTOGALLO 14/10/2033 2,875%;14/10/2033;EUR;GOV_PT;Portogallo;A+;A3;;1;Senior;25/09/2026;LP;94,49;5000;1;3,78;6,04;3,32;3,4;6,15;0,157;0,158;0,02875;0;10;0,0304;99,391;
PTOTEROE0014;PORTOGALLO 15/02/2030 3,875%;15/02/2030;EUR;GOV_PT;Portogallo;A+;A3;;1000;Senior;25/09/2026;LP;101,05;5000;1;3,53;3,06;3,05;3,05;3,1;-0,096;-0,09;0,03875;1;2;0,0383;99,47;
PTOTESOE0021;PORTOGALLO 20/10/2034 2,875%;20/10/2034;EUR;GOV_PT;Portogallo;A+;A3;;1;Senior;25/09/2026;RP;93,22;0;1;3,87;6,81;3,4;3,48;6,94;0,242;0,244;0,02875;1;10;0,0308;98,898;
PTOTEUOE0019;PORTOGALLO 14/04/2027 4,125%;14/04/2027;EUR;GOV_PT;Portogallo;A+;A3;;1000;Senior;25/09/2026;LP;100,602;11000;1;2,96;0,52;2,44;2,44;0,53;-0,098;-0,098;0,04125;1;4;0,041;99,14;
PTOTEVOE0018;PORTOGALLO 17/10/2028 2,125%;17/10/2028;EUR;GOV_PT;Portogallo;A+;A3;;1000;Senior;25/09/2026;LP;97,83;2999;1;3,23;1,92;2,83;2,96;1,94;-0,358;-0,355;0,02125;1;10;0,0217;99,89;
PTOTEWOE0017;PORTOGALLO 18/04/2034 2,25%;18/04/2034;EUR;GOV_PT;Portogallo;A+;A3;;1000;Senior;25/09/2026;LP;90,03;18000;1;3,79;6,67;3,34;3,49;6,76;0,167;0,168;0,0225;1;4;0,025;99,007;
PTOTEXOE0024;PORTOGALLO 15/06/2029 1,95%;15/06/2029;EUR;GOV_PT;Portogallo;A+;A3;;1000;Senior;25/09/2026;LP;96,37;30000;1;3,37;2,56;2,96;3,12;2,58;-0,252;-0,249;0,0195;1;6;0,0202;99,743;
PTOTEYOE0031;PORTOGALLO 16/07/2032 1,65% ;16/07/2032;EUR;GOV_PT;Portogallo;A+;A3;;1000;Senior;25/09/2026;RP;89,53;0;1;3,69;5,34;3,25;3,46;5,38;0,063;0,064;0,0165;1;7;0,0184;99,584;
PTOTEZOE0014;PORTOGALLO 18/06/2038 3,5%;18/06/2038;EUR;GOV_PT;Portogallo;A+;A3;;1000;Senior;25/09/2026;RP;94,34;0;1;4,12;9,27;3,62;3,65;9,52;0,468;0,472;0,035;1;6;0,0371;97,821;
SE0007125927;SVEZIA 12/11/2026 1% SEK;12/11/2026;SEK;GOV_SE;Svezia;AAA;Aaa;;5000;Senior;25/09/2026;RP;99,805;0;0;2,63;0,12;2,3;2,5;0,12;0,015;0,015;0,01;1;11;0,01;100,539;
SE0009496367;SVEZIA 12/05/2028 0,75% SEK;12/05/2028;SEK;GOV_SE;Svezia;AAA;Aaa;;5000;Senior;25/09/2026;RP;97;0;1;2,67;1,57;2,34;2,55;1,57;-0,874;-0,873;0,0075;1;5;0,0077;97,926;
SI0002103677;SLOVENIA 03/11/2040 1,75%;03/11/2040;EUR;GOV_SI;Slovenia;AA;A2;;1000;Senior;25/09/2026;RP;74,51;0;1;4,18;11,58;3,71;3,91;11,83;0,527;0,53;0,0175;1;11;0,0235;97,826;
SI0002103842;SLOVENIA 14/03/2029 1,1875%;14/03/2029;EUR;GOV_SI;Slovenia;AA;A2;;1000;Senior;25/09/2026;LP;94,3;3000;1;3,66;2,33;3,21;3,5;2,34;0,04;0,042;0,01188;1;3;0,0126;99,785;
SI0002104105;SLOVENIA 12/02/2031 0%;12/02/2031;EUR;GOV_SI;Slovenia;AA;A2;;1000;Senior;25/09/2026;RP;85,54;0;0;3,64;4,22;3,21;3,64;4,22;0,005;0,005;0;1;2;0;100,973;
SI0002104121;SLOVENIA 03/03/2081 0,6875%;03/03/2081;EUR;GOV_SI;Slovenia;AA;A2;;1000;Senior;25/09/2026;RP;24,8;0;1;4,26;31,44;3,9;4,03;33,57;1,222;1,109;0,00688;1;3;0,0277;99,388;
SI0002104873;SLOVENIA 14/04/2055 3,5%;14/04/2055;EUR;GOV_SI;Slovenia;AA;A2;;1000;Senior;25/09/2026;RP;83,95;0;1;4,51;16,44;3,97;4,01;17,49;1,065;1;0,035;0;4;0,0417;99,1;
SI0002105227;SLOVENIA 12/03/2036 3,275%;12/03/2036;EUR;GOV_SI;Slovenia;AA;A2;;1000;Senior;25/09/2026;RP;94,42;0;1;3,99;7,74;3,5;3,56;7,92;0,347;0,352;0,03275;0;3;0,0347;99,675;
US037833BH21;APPLE 13/05/2045 4,375% USD CALLABLE;13/05/2045;USD;APPLE;Apple Corporation;;;;2000;Senior;25/09/2026;RP;79,54;0;1;6,35;11,18;4,78;4,99;12,64;2,726;2,721;0,04375;2;5,11;0,055;99,635;
US105756AE07;BRASILE 15/05/2027 10,125% USD;15/05/2027;USD;GOV_BR;Brasile;BB;Ba1;;1000;Senior;25/09/2026;RP;103,05;0;1;5,2;0,57;3,94;3,94;0,58;2,063;2,068;0,10125;2;5,11;0,0983;93,234;
US105756AL40;BRASILE 06/03/2030 12,25% USD;06/03/2030;USD;GOV_BR;Brasile;BB;Ba1;;1000;Senior;25/09/2026;LP;121,91;35000;1;5,27;2,79;3,89;3,89;2,88;1,642;1,656;0,1225;2;3,9;0,1005;93,3;
US105756BK57;BRASILE 20/01/2037 7,125% USD;20/01/2037;USD;GOV_BR;Brasile;BB;Ba1;;1000;Senior;25/09/2026;LP;103,45;280000;2;6,77;6,96;5,88;5,88;7,28;3,114;3,123;0,07125;2;1,7;0,0689;94,856;
US105756BR01;BRASILE 07/01/2041 5,625% USD(No Call);07/01/2041;USD;GOV_BR;Brasile;BB;Ba1;;100000;Senior;25/09/2026;RP;88,15;0;1;7,07;8,92;6,22;6,28;9,41;3,412;3,42;0,05625;2;1,7;0,0638;97,5;
US105756BW95;BRASILE 27/01/2045 5% USD(No call);27/01/2045;USD;GOV_BR;Brasile;BB;Ba1;;200000;Senior;25/09/2026;RP;75,49;0;1;7,62;10,28;6,73;6,84;10,97;3,992;3,988;0,05;2;1,7;0,0662;97,992;
US168863BP27;CILE 30/10/2042 3,625% USD;30/10/2042;USD;GOV_CL;Cile;A;A2;;150000;Senior;25/09/2026;RP;74,86;0;0;6,19;10,73;5,49;5,63;11,24;2,552;2,554;0,03625;2;4,10;0,0484;98,398;
US172967HA25;CITIGROUP 13/09/2043 6,675% - T2 - USD;13/09/2043;USD;CITIGROUP;Citigroup;;;;1000;T2;25/09/2026;RP;101,35;0;1;6,65;9,76;4,88;4,88;11,15;3,015;3,014;0,06675;2;3,9;0,0659;100;
US172967KA87;CITIGROUP 29/09/2027 4,45% USD Tier 2;29/09/2027;USD;CITIGROUP;Citigroup;;;;1000;T2;25/09/2026;RP;99,16;0;1;5,4;0,94;3,99;4,2;0,95;2,019;2,023;0,0445;2;3,9;0,0449;99,54;
US195325BM66;COLOMBIA 18/01/2041 6,125% USD(No call);18/01/2041;USD;GOV_CO;Colombia;BB-;Baa3;;100000;Senior;25/09/2026;RP;86,25;0;1;7,88;8,54;6,92;7;9,05;4,224;4,232;0,06125;2;1,7;0,071;99,6;
US298785DV50;BEI 15/02/2036 4,875% USD;15/02/2036;USD;SOV_BEI;European Investment Bank;AAA;;;1000;Senior;25/09/2026;LP;97,74;1032000;2;5,25;7,19;4,59;4,62;7,42;1,604;1,609;0,04875;2;2,8;0,0499;99,177;
US298785HM16;BEI GREEN BOND 24/05/2027 2,375% USD;24/05/2027;USD;SOV_BEI;European Investment Bank;AAA;;;1000;Senior;25/09/2026;LP;98,599;4000;1;4,65;0,61;4,07;4,33;0,62;1,494;1,495;0,02375;2;5,11;0,0241;98,918;
US298785JR84;BEI 15/03/2029 1,75% USD;15/03/2029;USD;SOV_BEI;European Investment Bank;AAA;;;1000;Senior;25/09/2026;LP;92,78;320000;1;4,97;2,3;4,36;4,72;2,31;1,35;1,353;0,0175;2;3,9;0,0189;99,344;
US298785KE52;BEI GREEN BOND 10/10/2031 4,375% USD;10/10/2031;USD;SOV_BEI;European Investment Bank;AAA;;;1000;Senior;25/09/2026;RP;96,96;0;1;5,13;4,25;4,49;4,55;4,33;1,499;1,503;0,04375;2;4,10;0,0451;99,277;
US345370CA64;FORD 16/07/2031 7,45% USD;16/07/2031;USD;FORD;Ford Motor Company;;;;1000;Senior;25/09/2026;RP;104,41;0;1;6,47;3,83;4,53;4,53;4,06;2,836;2,844;0,0745;2;1,7;0,0714;99,049;
US345370CQ17;FORD 15/01/2043 4,75% USD;15/01/2043;USD;FORD;Ford Motor Company;;;;2000;Senior;25/09/2026;LP;74,16;184000;1;7,67;9,76;5,82;6,12;11,01;4,028;4,03;0,0475;2;1,7;0,0641;97,423;
US38141GGM06;GOLDMAN SACHS 01/02/2041 6,25% USD;01/02/2041;USD;GOLDMAN;Goldman Sachs;;;;2000;Senior;25/09/2026;RP;98,43;0;1;6,52;8,96;4,81;4,83;10,04;2,866;2,874;0,0625;2;2,8;0,0635;99,623;
US404280AM17;HSBC 14/01/2042 6,1% USD;14/01/2042;USD;HSBC;HSBC Holdings PLC;;;;2000;Senior;25/09/2026;RP;98,54;0;1;6,35;9,39;4,68;4,7;10,57;2,698;2,703;0,061;2;1,7;0,0619;99,927;
US445545AF36;UNGHERIA 29/03/2041 7,625% USD;29/03/2041;USD;GOV_HU;Ungheria;BBB-;Baa2;;2000;Senior;25/09/2026;LP;110,73;12000;1;6,58;8,73;5,66;5,66;9,25;2,928;2,935;0,07625;2;3,9;0,0689;98,084;
US459058KU68;WORLD BANK 25/07/2030 4% USD;25/07/2030;USD;SOV_WORLDBANK;World Bank;;;;1000;Senior;25/09/2026;RP;96,48;0;1;5,09;3,38;4,45;4,56;3,43;1,456;1,461;0,04;2;1,7;0,0415;99,8;
US45905UAD63;WORLD BANK 14/07/2027 ZC ZAR;14/07/2027;ZAR;SOV_WORLDBANK;World Bank;;;;50000;Senior;25/09/2026;RP;94,365;0;1;7,63;0,73;6,96;6,96;0,74;4,361;4,361;0;0;;0;3,15;
US465410BG26;REPUBLIC OF ITALY 15/06/2033 5,375% USD;15/06/2033;USD;GOV_IT;Italia;BBB+;Baa2;;1000;Senior;25/09/2026;LP;99,98;850000;2;5,45;5,34;4,76;4,76;5,49;1,825;1,829;0,05375;2;6,12;0,0538;98,436;
US465410BY32;REPUBLIC OF ITALY 17/10/2029 2,875% USD;17/10/2029;USD;GOV_IT;Italia;BBB+;Baa2;;200000;Senior;25/09/2026;RP;93,46;0;1;5,29;2,75;4,64;4,9;2,78;1,661;1,665;0,02875;2;4,10;0,0308;99,089;
US465410BZ07;REPUBLIC OF ITALY 17/10/2049 4% USD;17/10/2049;USD;GOV_IT;Italia;BBB+;Baa2;;200000;Senior;25/09/2026;LP;70,85;600000;2;6,55;12,48;5,79;5,9;13,38;2,988;2,959;0,04;2;4,10;0,0565;99,619;
US465410CC03;REPUBLIC OF ITALY 06/05/2051 3,875% USD;06/05/2051;USD;GOV_IT;Italia;BBB+;Baa2;;200000;Senior;25/09/2026;RP;68,92;0;1;6,5;13;5,76;5,85;13,97;2,974;2,932;0,03875;2;5,11;0,0562;98,897;
US500769JT24;KFW 20/05/2027 3% USD;20/05/2027;USD;KFW;Kreditanstalt für Wiederaufbau;;;;1000;Senior;25/09/2026;RP;99,122;0;0;4,47;0,6;3,3;3,66;0,61;1,322;1,324;0,03;2;5,11;0,0303;99,831;
US68389XBE40;ORACLE 15/05/2035 3,9% USD CALLABLE;15/05/2035;USD;ORACLE;Oracle Corporation;;;;2000;Senior;25/09/2026;RP;78,63;0;1;7,41;6,6;5,61;6,2;7,01;3,777;3,781;0,039;2;5,11;0,0496;99,325;
US68389XBF15;ORACLE 15/05/2045 4,125% USD CALLABLE;15/05/2045;USD;ORACLE;Oracle Corporation;;;;2000;Senior;25/09/2026;RP;63,42;0;1;8,07;10,45;6,17;6,56;11,99;4,445;4,44;0,04125;2;5,11;0,065;99,589;
US68389XBG97;ORACLE 15/05/2055 4,375% USD CALLABLE;15/05/2055;USD;ORACLE;Oracle Corporation;;;;2000;Senior;25/09/2026;RP;60,46;0;1;8,02;11,83;6,1;6,31;14,54;4,58;4,484;0,04375;2;5,11;0,0724;99,549;
US715638BM30;PERU 18/11/2050 5,625% USD;18/11/2050;USD;GOV_PE;Peru;BBB-;Baa1;;1000;Senior;25/09/2026;LP;90,47;8000;1;6,51;11,88;4,85;4,9;14;2,969;2,924;0,05625;2;5,11;0,0622;96,16;
US715638BU55;PERU 25/08/2027 4,125% USD;25/08/2027;USD;GOV_PE;Peru;BBB-;Baa1;;1000;Senior;25/09/2026;RP;99,65;0;1;4,58;0,85;3,38;3,48;0,87;1,243;1,247;0,04125;2;2,8;0,0414;99,766;
US77586TAE64;ROMANIA 22/01/2044 6,125% USD;22/01/2044;USD;GOV_RO;Romania;BBB-;Baa3;;2000;Senior;25/09/2026;LP;89,2;438000;2;7,36;9,66;6,46;6,5;10,32;3,726;3,724;0,06125;2;1,7;0,0687;98,21;
US836205AP92;SUDAFRICA 08/03/2041 6,25% USD;08/03/2041;USD;GOV_ZA;Sud Africa;BB;Ba2;;100000;Senior;25/09/2026;RP;90,08;0;1;7,52;8,74;6,59;6,65;9,25;3,862;3,869;0,0625;2;3,9;0,0694;99,44;
US836205AS32;SUDAFRICA 24/07/2044 5,375% USD;24/07/2044;USD;GOV_ZA;Sud Africa;BB;Ba2;;200000;Senior;25/09/2026;RP;79,25;0;0;7,65;9,96;6,74;6,83;10,63;4,017;4,014;0,05375;2;1,7;0,0678;99,3;
US836205AZ74;SUDAFRICA 22/06/2048 6,3% USD;22/06/2048;USD;GOV_ZA;Sud Africa;BB;Ba2;;200000;Senior;25/09/2026;RP;85,48;0;1;7,83;10,31;6,87;6,92;11,19;4,244;4,22;0,063;2;6,12;0,0737;99,991;
US857524AD47;POLONIA 16/11/2027 5,5% USD Call;16/11/2027;USD;GOV_PL;Polonia;A-;A2;;1000;Senior;25/09/2026;LP;100,86;10000;1;4,76;1,04;4,05;4,05;1,05;1,336;1,343;0,055;2;5,11;0,0545;99,487;
US857524AE20;POLONIA 16/11/2032 5,75% USD Call;16/11/2032;USD;GOV_PL;Polonia;A-;A2;;1000;Senior;25/09/2026;LP;100,13;123000;1;5,8;4,86;5,06;5,06;5;2,178;2,182;0,0575;2;5,11;0,0574;98,953;
US89236TDR32;TOYOTA 11/01/2027 3,2% USD(No call);11/01/2027;USD;TOYOTA;Toyota Motor Corporation;;;;2000;Senior;25/09/2026;RP;99,54;0;1;4,87;0,27;3,6;4,02;0,27;2,204;2,204;0,032;2;1,7;0,0321;99,669;
US900123AL40;TURCHIA 15/01/2030 11,875% USD;15/01/2030;USD;GOV_TR;Turchia;BB-;Ba3;;1000;Senior;25/09/2026;LP;115,7;9000;1;6,6;2,63;5,21;5,21;2,72;2,967;2,983;0,11875;2;1,7;0,1026;99,604;
US900123AT75;TURCHIA 14/02/2034 8% USD;14/02/2034;USD;GOV_TR;Turchia;BB-;Ba3;;2000;Senior;25/09/2026;LP;104,11;66000;2;7,4;5,31;6,4;6,4;5,52;3,77;3,775;0,08;2;2,8;0,0768;97,44;
US900123BB58;TURCHIA 05/03/2038 7,25% USD;05/03/2038;USD;GOV_TR;Turchia;BB-;Ba3;;2000;Senior;25/09/2026;LP;98,67;440000;2;7,56;7,34;6,61;6,62;7,73;3,912;3,92;0,0725;2;3,9;0,0735;100;
US91086QAG38;MEXICAN STATES 15/08/2031 8,3%;15/08/2031;USD;GOV_MX;Messico;BBB;Baa3;;1000;Senior;25/09/2026;RP;111,49;0;1;5,65;3,9;4,66;4,66;4,01;2,02;2,028;0,083;2;2,8;0,0744;92,582;
US91086QAZ19;MESSICO 12/10/2110 5,75% USD CALLABLE;12/10/2110;USD;GOV_MX;Messico;BBB;Baa3;;2000;Senior;25/09/2026;LP;74,88;1630000;2;7,83;12,12;6,85;6,85;13,96;4,791;4,382;0,0575;2;4,10;0,0768;94,28;
US912810FE39;USA 15/08/2028 5,5% USD;15/08/2028;USD;GOV_US;Stati uniti d'america;AA+;Aa1;;1000;Senior;25/09/2026;LP;101,39;6000;1;4,77;1,72;4,08;4,08;1,74;1,19;1,199;0,055;2;2,8;0,0542;98,697;
US912810FF04;USA 15/11/2028 5,25% USD;15/11/2028;USD;GOV_US;Stati uniti d'america;AA+;Aa1;;1000;Senior;25/09/2026;LP;100,89;393800;1;4,86;1,91;4,19;4,19;1,94;1,257;1,266;0,0525;2;5,11;0,052;99,253;
US912810FG86;USA 15/02/2029 5,25% USD;15/02/2029;USD;GOV_US;Stati uniti d'america;AA+;Aa1;;1000;Senior;25/09/2026;LP;101;5000;1;4,85;2,15;4,18;4,18;2,18;1,235;1,244;0,0525;2;2,8;0,052;99,282;
US912810FJ26;USA 15/08/2029 6,125% USD;15/08/2029;USD;GOV_US;Stati uniti d'america;AA+;Aa1;;1000;Senior;25/09/2026;LP;103,17;12000;1;4,99;2,54;4,22;4,22;2,58;1,36;1,37;0,06125;2;2,8;0,0594;99,741;
US912810FM54;USA 15/05/2030 6,25% USD;15/05/2030;USD;GOV_US;Stati uniti d'america;AA+;Aa1;;1000;Senior;25/09/2026;LP;104,27;58300;1;5,01;3,08;4,23;4,23;3,15;1,38;1,388;0,0625;2;5,11;0,0599;98,771;
US912810FP85;USA 15/02/2031 5,375% USD;15/02/2031;USD;GOV_US;Stati uniti d'america;AA+;Aa1;;1000;Senior;25/09/2026;LP;101,63;80000;1;5,01;3,75;4,33;4,33;3,83;1,38;1,386;0,05375;2;2,8;0,0529;98,753;
US912810FT08;USA 15/02/2036 4,5% USD;15/02/2036;USD;GOV_US;Stati uniti d'america;AA+;Aa1;;1000;Senior;25/09/2026;LP;95,71;238800;2;5,14;7,29;4,51;4,55;7,51;1,5;1,505;0,045;2;2,8;0,047;99,5105;
US912810PT97;USA 15/02/2037 4,75% USD;15/02/2037;USD;GOV_US;Stati uniti d'america;AA+;Aa1;;1000;Senior;25/09/2026;LP;97,1;45000;1;5,18;7,82;4,53;4,56;8,09;1,526;1,533;0,0475;2;2,8;0,0489;99,021;
US912810PU60;USA 15/05/2037 5% USD;15/05/2037;USD;GOV_US;Stati uniti d'america;AA+;Aa1;;1000;Senior;25/09/2026;LP;98,88;533800;1;5,2;7,8;4,55;4,56;8,09;1,554;1,561;0,05;2;5,11;0,0506;99,0819;
US912810QB70;USA 15/05/2039 4,25% USD;15/05/2039;USD;GOV_US;Stati uniti d'america;AA+;Aa1;;1000;Senior;25/09/2026;LP;90,62;139600;2;5,35;9,08;4,7;4,77;9,44;1,696;1,701;0,0425;2;5,11;0,0469;99,36198;
US912810QD37;USA 15/11/2039 4,375% USD;15/11/2039;USD;GOV_US;Stati uniti d'america;AA+;Aa1;;1000;Senior;25/09/2026;LP;91,01;129000;1;5,41;9,28;4,75;4,81;9,66;1,755;1,76;0,04375;2;5,11;0,0481;98,45498;
US912810QE10;USA 15/02/2040 4,625% USD;15/02/2040;USD;GOV_US;Stati uniti d'america;AA+;Aa1;;1000;Senior;25/09/2026;LP;93,11;181000;1;5,42;9,42;4,76;4,8;9,81;1,771;1,776;0,04625;2;2,8;0,0497;98,4836;
US912810QH41;USA 15/05/2040 4,375% USD;15/05/2040;USD;GOV_US;Stati uniti d'america;AA+;Aa1;;100;Senior;25/09/2026;RP;90,5;0;1;5,44;9,52;4,78;4,84;9,92;1,786;1,792;0,04375;2;5,11;0,0483;98,11437;
US912810QK79;USA 15/08/2040 3,875% USD;15/08/2040;USD;GOV_US;Stati uniti d'america;AA+;Aa1;;1000;Senior;25/09/2026;LP;85,39;139000;1;5,45;9,97;4,81;4,91;10,35;1,802;1,807;0,03875;2;2,8;0,0454;98,6191;
US912810QL52;USA 15/11/2040 4,25% USD;15/11/2040;USD;GOV_US;Stati uniti d'america;AA+;Aa1;;1000;Senior;25/09/2026;LP;88,73;158100;1;5,47;9,8;4,81;4,89;10,22;1,82;1,826;0,0425;2;5,11;0,0479;98,82916;
US912810QN19;USA 15/02/2041 4,75% USD;15/02/2041;USD;GOV_US;Stati uniti d'america;AA+;Aa1;;1000;Senior;25/09/2026;LP;93,51;47000;1;5,48;9,83;4,8;4,84;10,28;1,825;1,83;0,0475;2;2,8;0,0508;100;
US912810QU51;USA 15/02/2042 3,125% USD;15/02/2042;USD;GOV_US;Stati uniti d'america;AA+;Aa1;;1000;Senior;25/09/2026;RP;75,6;0;1;5,57;11,09;4,94;5,1;11,51;1,924;1,927;0,03125;2;2,8;0,0413;97,80394;
US912810QZ49;USA 15/02/2043 3,125% USD;15/02/2043;USD;GOV_US;Stati uniti d'america;AA+;Aa1;;1000;Senior;25/09/2026;LP;74,05;11000;1;5,63;11,55;4,99;5,15;12,02;1,997;1,997;0,03125;2;2,8;0,0422;98,94168;
US912810RB61;USA 15/05/2043 2,875% USD;15/05/2043;USD;GOV_US;Stati uniti d'america;AA+;Aa1;;1000;Senior;25/09/2026;LP;70,95;8000;1;5,66;11,72;5,03;5,2;12,19;2,02;2,021;0,02875;2;5,11;0,0405;97,92721;
US912810RC45;USA 15/08/2043 3,625% USD;15/08/2043;USD;GOV_US;Stati uniti d'america;AA+;Aa1;;1000;Senior;25/09/2026;LP;78,99;2000;1;5,64;11,45;4,98;5,1;11,97;2,002;2,002;0,03625;2;2,8;0,0459;99,51032;
US912810RE01;USA 15/02/2044 3,625% USD;15/02/2044;USD;GOV_US;Stati uniti d'america;AA+;Aa1;;1000;Senior;25/09/2026;LP;78,99;5000;1;5,6;11,68;4,94;5,06;12,23;1,965;1,964;0,03625;2;2,8;0,0459;99,90473;
US912810RG58;USA 15/05/2044 3,375% USD;15/05/2044;USD;GOV_US;Stati uniti d'america;AA+;Aa1;;1000;Senior;25/09/2026;LP;75,9;200000;1;5,61;11,82;4,96;5,09;12,37;1,981;1,979;0,03375;2;5,11;0,0445;98,78962;
US912810RH32;USA 15/08/2044 3,125% USD;15/08/2044;USD;GOV_US;Stati uniti d'america;AA+;Aa1;;1000;Senior;25/09/2026;LP;72,85;123000;1;5,61;12,24;4,98;5,12;12,78;1,986;1,984;0,03125;2;2,8;0,0429;98,10564;
US912810RJ97;USA 15/11/2044 3% USD;15/11/2044;USD;GOV_US;Stati uniti d'america;AA+;Aa1;;1000;Senior;25/09/2026;LP;70,5;8000;1;5,69;12,28;5,06;5,21;12,83;2,068;2,065;0,03;2;5,11;0,0426;98,20969;
US912810RK60;USA 15/02/2045 2,5% USD;15/02/2045;USD;GOV_US;Stati uniti d'america;AA+;Aa1;;1000;Senior;25/09/2026;LP;64,51;187000;2;5,7;12,97;5,08;5,28;13,48;2,077;2,074;0,025;2;2,8;0,0388;98,7489;
US912810RM27;USA 15/05/2045 3% USD;15/05/2045;USD;GOV_US;Stati uniti d'america;AA+;Aa1;;1000;Senior;25/09/2026;LP;70,3;129000;1;5,66;12,5;5,03;5,18;13,08;2,043;2,039;0,03;2;5,11;0,0427;99,13851;
US912810RN00;USA 15/08/2045 2,875% USD;15/08/2045;USD;GOV_US;Stati uniti d'america;AA+;Aa1;;1000;Senior;25/09/2026;LP;68,82;392000;1;5,64;12,86;5,02;5,17;13,43;2,023;2,018;0,02875;2;2,8;0,0418;97,92785;
US912810RS96;USA 15/05/2046 2,5% USD;15/05/2046;USD;GOV_US;Stati uniti d'america;AA+;Aa1;;1000;Senior;25/09/2026;LP;63,64;4000;1;5,65;13,41;5,04;5,22;13,99;2,034;2,029;0,025;2;5,11;0,0393;97,61946;
US912810RU43;USA 15/11/2046 2,875% USD;15/11/2046;USD;GOV_US;Stati uniti d'america;AA+;Aa1;;1000;Senior;25/09/2026;LP;67,62;6000;1;5,65;13,22;5,02;5,17;13,87;2,04;2,033;0,02875;2;5,11;0,0425;99,46161;
US912810RX81;USA 15/05/2047 3% USD;15/05/2047;USD;GOV_US;Stati uniti d'america;AA+;Aa1;;1000;Senior;25/09/2026;RP;68,17;0;1;5,71;13,25;5,07;5,21;13,94;2,105;2,095;0,03;2;5,11;0,044;99,02179;
US912810SE91;USA 15/11/2048 3,375%USD;15/11/2048;USD;GOV_US;Stati uniti d'america;AA+;Aa1;;1000;Senior;25/09/2026;LP;72,06;81000;1;5,67;13,44;5,02;5,13;14,23;2,09;2,072;0,03375;2;5,11;0,0468;99,19708;
US912810SJ88;USA 15/08/2049 2,25% USD;15/08/2049;USD;GOV_US;Stati uniti d'america;AA+;Aa1;;1000;Senior;25/09/2026;LP;56,88;8000;1;5,7;15,09;5,1;5,29;15,82;2,137;2,119;0,0225;2;2,8;0,0396;98,17388;
US912810SK51;USA 15/11/2049 2,375% USD;15/11/2049;USD;GOV_US;Stati uniti d'america;AA+;Aa1;;1000;Senior;25/09/2026;RP;58,16;0;1;5,71;14,85;5,11;5,28;15,62;2,153;2,133;0,02375;2;5,11;0,0408;98,83326;
US912810SL35;USA 15/02/2050 2% USD;15/02/2050;USD;GOV_US;Stati uniti d'america;AA+;Aa1;;1000;Senior;25/09/2026;LP;53,16;17000;1;5,7;15,66;5,12;5,32;16,39;2,15;2,131;0,02;2;2,8;0,0376;98,64031;
US912810SN90;USA 15/05/2050 1,25% USD;15/05/2050;USD;GOV_US;Stati uniti d'america;AA+;Aa1;;1000;Senior;25/09/2026;LP;43,31;257500;2;5,69;17,18;5,16;5,42;17,78;2,14;2,126;0,0125;2;5,11;0,0289;97,73413;
US912810SP49;USA 15/08/2050 1,375% USD;15/08/2050;USD;GOV_US;Stati uniti d'america;AA+;Aa1;;1000;Senior;25/09/2026;LP;44,6;182000;1;5,7;17,1;5,15;5,4;17,74;2,152;2,135;0,01375;2;2,8;0,0308;99,24343;
US912810SS87;USA 15/11/2050 1,625% USD;15/11/2050;USD;GOV_US;Stati uniti d'america;AA+;Aa1;;1000;Senior;25/09/2026;LP;47,95;11000;1;5,65;16,54;5,09;5,32;17,26;2,114;2,094;0,01625;2;5,11;0,0339;98,70815;
US912810SX72;USA 15/05/2051 2,375% USD;15/05/2051;USD;GOV_US;Stati uniti d'america;AA+;Aa1;;1000;Senior;25/09/2026;LP;57,32;83000;1;5,66;15,37;5,06;5,22;16,23;2,137;2,107;0,02375;2;5,11;0,0414;99,57365;
US912810SY55;USA 15/05/2041 2,25% USD;15/05/2041;USD;GOV_US;Stati uniti d'america;AA+;Aa1;;1000;Senior;25/09/2026;RP;67,92;0;1;5,54;11,21;4,93;5,17;11,54;1,888;1,891;0,0225;2;5,11;0,0331;99,4247;
US912810SZ21;USA 15/08/2051 2% USD;15/08/2051;USD;GOV_US;Stati uniti d'america;AA+;Aa1;;1000;Senior;25/09/2026;LP;52,4;1000;1;5,63;16,25;5,05;5,24;17,06;2,107;2,08;0,02;2;2,8;0,0382;99,10579;
US912810TA60;USA 15/08/2041 1,75% USD;15/08/2041;USD;GOV_US;Stati uniti d'america;AA+;Aa1;;1000;Senior;25/09/2026;LP;62,46;136000;1;5,55;11,87;4,96;5,24;12,15;1,896;1,898;0,0175;2;2,8;0,028;98,337;
US912810TB44;USA 15/11/2051 1,875% USD;15/11/2051;USD;GOV_US;Stati uniti d'america;AA+;Aa1;;1000;Senior;25/09/2026;LP;50,22;219000;1;5,66;16,38;5,09;5,28;17,2;2,146;2,118;0,01875;2;5,11;0,0373;98,52694;
US912810TC27;USA 15/11/2041 2% USD;15/11/2041;USD;GOV_US;Stati uniti d'america;AA+;Aa1;;1000;Senior;25/09/2026;LP;64,7;100000;1;5,53;11,71;4,94;5,2;12,04;1,884;1,886;0,02;2;5,11;0,0309;98,94042;
US912810TD00;USA 15/02/2052 2,25% USD;15/02/2052;USD;GOV_US;Stati uniti d'america;AA+;Aa1;;1000;Senior;25/09/2026;RP;54,81;0;1;5,69;15,94;5,09;5,26;16,81;2,178;2,144;0,0225;2;2,8;0,0411;100;
US912810TF57;USA 15/02/2042 2,375% USD;15/02/2042;USD;GOV_US;Stati uniti d'america;AA+;Aa1;;1000;Senior;25/09/2026;RP;67,73;0;0;5,59;11,62;4,97;5,2;11,98;1,943;1,945;0,02375;2;2,8;0,0351;100;
US912810TG31;USA 15/05/2052 2,875% USD;15/05/2052;USD;GOV_US;Stati uniti d'america;AA+;Aa1;;1000;Senior;25/09/2026;RP;63,15;0;1;5,68;14,98;5,05;5,17;15,92;2,174;2,132;0,02875;2;5,11;0,0455;97,5969;
US912810TH14;USA 15/05/2042 3,25% USD;15/05/2042;USD;GOV_US;Stati uniti d'america;AA+;Aa1;;1000;Senior;25/09/2026;RP;76,51;0;1;5,59;11,01;4,94;5,09;11,46;1,944;1,946;0,0325;2;5,11;0,0425;99,41603;
US912810TM09;USA 15/11/2042 4% USD;15/11/2042;USD;GOV_US;Stati uniti d'america;AA+;Aa1;;1000;Senior;25/09/2026;LP;83,91;546400;1;5,6;10,79;4,93;5,02;11,3;1,955;1,956;0,04;2;5,11;0,0477;99,01966;
US912810TN81;USA 15/02/2053 3,625% USD;15/02/2053;USD;GOV_US;Stati uniti d'america;AA+;Aa1;;1000;Senior;25/09/2026;LP;73,19;5000;1;5,65;14,57;5;5,08;15,59;2,165;2,111;0,03625;2;2,8;0,0495;98,89832;
US912810TQ13;USA 15/02/2043 3,875% USD;15/02/2043;USD;GOV_US;Stati uniti d'america;AA+;Aa1;;1000;Senior;25/09/2026;LP;82,77;2600;1;5,56;11,12;4,9;4,99;11,62;1,918;1,919;0,03875;2;2,8;0,0468;98,60117;
US912810TT51;USA 15/08/2053 4,125% USD;15/08/2053;USD;GOV_US;Stati uniti d'america;AA+;Aa1;;100;Senior;25/09/2026;LP;80,4;34000;1;5,61;14,31;4,94;4,99;15,36;2,131;2,069;0,04125;2;2,8;0,0513;98,91267;
US912810TU25;USA 15/08/2043 4,375% USD;15/08/2043;USD;GOV_US;Stati uniti d'america;AA+;Aa1;;100;Senior;25/09/2026;RP;87,18;0;1;5,63;11,03;4,95;5,01;11,58;1,998;1,997;0,04375;2;2,8;0,0502;98,3742;
US912810TV08;USA 15/11/2053 4,75% USD;15/11/2053;USD;GOV_US;Stati uniti d'america;AA+;Aa1;;1000;Senior;25/09/2026;LP;88,62;265500;2;5,65;13,72;4,95;4,98;14,8;2,171;2,102;0,0475;2;5,11;0,0536;99,69848;
US912810UA42;USA 15/05/2054 4,625% USD;15/05/2054;USD;GOV_US;Stati uniti d'america;AA+;Aa1;;100;Senior;25/09/2026;LP;87,5;4000;1;5,59;13,96;4,9;4,93;15,07;2,123;2,05;0,04625;2;5,11;0,0529;99,83882;
US912810UB25;USA 15/05/2044 4,625% USD;15/05/2044;USD;GOV_US;Stati uniti d'america;AA+;Aa1;;100;Senior;25/09/2026;LP;89,54;156000;1;5,64;11,05;4,95;5;11,66;2,013;2,01;0,04625;2;5,11;0,0517;99,86654;
US912810UG12;USA 15/02/2055 4,625% USD;15/02/2055;USD;GOV_US;Stati uniti d'america;AA+;Aa1;;100;Senior;25/09/2026;LP;87,43;6000;1;5,58;14,31;4,9;4,92;15,44;2,132;2,052;0,04625;2;2,8;0,0529;98,0427;
US912810UJ50;USA 15/02/2045 4,75% USD;15/02/2045;USD;GOV_US;Stati uniti d'america;AA+;Aa1;;100;Senior;25/09/2026;LP;90,57;89200;1;5,65;11,4;4,96;5;12,05;2,03;2,026;0,0475;2;2,8;0,0524;98,9787;
US912810UU06;USA 15/05/2056 5% USD;15/05/2056;USD;GOV_US;Stati uniti d'america;AA+;Aa1;;100;Senior;25/09/2026;LP;92,47;211000;2;5,6;14,12;4,9;4,91;15,32;2,171;2,076;0,05;2;5,11;0,0541;99,29281;
US912828YB05;USA 15/08/2029 1,625% USD;15/08/2029;USD;GOV_US;Stati uniti d'america;AA+;Aa1;;1000;Senior;25/09/2026;LP;91,18;52000;2;5,01;2,68;4,4;4,79;2,69;1,384;1,387;0,01625;2;2,8;0,0178;99,58715;
US912828YS30;USA 15/11/2029 1,75% USD;15/11/2029;USD;GOV_US;Stati uniti d'america;AA+;Aa1;;1000;Senior;25/09/2026;LP;90,71;59000;1;5,06;2,89;4,44;4,81;2,9;1,424;1,427;0,0175;2;5,11;0,0193;99,4625;
US912828Z781;USA 31/01/2027 1,5% USD;31/01/2027;USD;GOV_US;Stati uniti d'america;AA+;Aa1;;1000;Senior;25/09/2026;LP;99,04;220000;1;4,41;0,33;3,85;4,22;0,33;1,651;1,651;0,015;2;1,7;0,0151;100;
US912828Z948;USA 15/02/2030 1,5% USD;15/02/2030;USD;GOV_US;Stati uniti d'america;AA+;Aa1;;1000;Senior;25/09/2026;LP;89,24;67000;1;5,06;3,14;4,45;4,84;3,16;1,427;1,429;0,015;2;2,8;0,0168;98,87874;
US91282CAV37;USA 15/11/2030 0,875% USD;15/11/2030;USD;GOV_US;Stati uniti d'america;AA+;Aa1;;1000;Senior;25/09/2026;LP;84,68;14500;2;5,09;3,85;4,49;4,97;3,86;1,46;1,461;0,00875;2;5,11;0,0103;100;
US91282CCV19;USA 31/08/2028 1,125% USD;31/08/2028;USD;GOV_US;Stati uniti d'america;AA+;Aa1;;1000;Senior;25/09/2026;LP;93,2;126500;2;4,93;1,81;4,32;4,78;1,82;1,345;1,347;0,01125;2;2,8;0,0121;99,79552;
US91282CDJ71;USA 15/11/2031 1,375% USD;15/11/2031;USD;GOV_US;Stati uniti d'america;AA+;Aa1;;1000;Senior;25/09/2026;LP;83,46;51500;1;5,14;4,68;4,54;4,94;4,71;1,511;1,512;0,01375;2;5,11;0,0165;99,35965;
US91282CDY49;USA 15/02/2032 1,875% USD;15/02/2032;USD;GOV_US;Stati uniti d'america;AA+;Aa1;;1000;Senior;25/09/2026;LP;85,01;168000;1;5,16;4,85;4,55;4,9;4,9;1,529;1,53;0,01875;2;2,8;0,0221;100;
US91282CEC10;USA 28/02/2027 1,875% USD;28/02/2027;USD;GOV_US;Stati uniti d'america;AA+;Aa1;;1000;Senior;25/09/2026;LP;98,99;116000;1;4,38;0,4;3,82;4,14;0,4;1,482;1,482;0,01875;2;2,8;0,0189;100;
US91282CEM91;USA 30/04/2029 2,875% USD;30/04/2029;USD;GOV_US;Stati uniti d'america;AA+;Aa1;;1000;Senior;25/09/2026;LP;95,06;20000;1;5;2,36;4,38;4,61;2,38;1,374;1,379;0,02875;2;4,10;0,0302;99,79228;
US91282CEN74;USA 30/04/2027 2,75% USD;30/04/2027;USD;GOV_US;Stati uniti d'america;AA+;Aa1;;1000;Senior;25/09/2026;LP;99,05;27000;1;4,47;0,55;3,9;4,11;0,55;1,37;1,371;0,0275;2;4,10;0,0278;99,83765;
US91282CEP23;USA 15/05/2032 2,875% USD;15/05/2032;USD;GOV_US;Stati uniti d'america;AA+;Aa1;;1000;Senior;25/09/2026;LP;89,34;21600;1;5,14;4,89;4,52;4,74;4,97;1,514;1,516;0,02875;2;5,11;0,0322;99,41465;
US91282CES61;USA 31/05/2029 2,75% USD;31/05/2029;USD;GOV_US;Stati uniti d'america;AA+;Aa1;;1000;Senior;25/09/2026;RP;94,55;0;1;5,02;2,44;4,39;4,65;2,46;1,391;1,396;0,0275;2;5,11;0,0291;99,82931;
US91282CET45;USA 31/05/2027 2,625% USD;31/05/2027;USD;GOV_US;Stati uniti d'america;AA+;Aa1;;1000;Senior;25/09/2026;LP;98,85;27300;1;4,43;0,63;3,88;4,08;0,64;1,259;1,261;0,02625;2;5,11;0,0266;99,48457;
USF2893TAE67;EDF 27/01/2040 5,6% USD;27/01/2040;USD;EDF;Electricite de France S.A;;;;2000;Senior;25/09/2026;LP;92,7;2000;1;6,53;8,73;4,85;4,96;9,68;2,873;2,88;0,056;2;1,7;0,0604;99,124;
USF2893TAK28;EDF 22/01/2044 4,875% USD;22/01/2044;USD;EDF;Electricite de France S.A;;;;2000;Senior;25/09/2026;RP;83,31;0;1;6,6;10,49;4,96;5,13;11,81;2,967;2,966;0,04875;2;1,7;0,0585;96,726;
USF2893TAP15;EDF 13/10/2035 4,75% USD Call;13/10/2035;USD;EDF;Electricite de France S.A;;;;2000;Senior;25/09/2026;RP;90,43;0;1;6,24;6,76;4,66;4,88;7,25;2,601;2,606;0,0475;2;4,10;0,0525;97,902;
USF2893TAQ97;EDF 13/10/2045 4,95% USD Call;13/10/2045;USD;EDF;Electricite de France S.A;;;;2000;Senior;25/09/2026;RP;81,62;0;1;6,78;10,73;5,09;5,26;12,31;3,162;3,155;0,0495;2;4,10;0,0606;99,752;
USF2893TAR70;EDF 13/10/2055 5,25% USD Call;13/10/2055;USD;EDF;Electricite de France S.A;;;;2000;Senior;25/09/2026;RP;83,13;0;1;6,66;12,67;4,98;5,06;15,34;3,228;3,13;0,0525;2;4,10;0,0632;98,098;
XS0070553820;BEI 06/11/2026 USD ZC;06/11/2026;USD;SOV_BEI;European Investment Bank;AAA;;;1000;Senior;25/09/2026;LP;99,481;1180000;2;5,13;0,1;4,79;4,79;0,1;2,511;2,511;0;;;0;13,362;
XS0071948540;UBS 29/01/2027 ZC;29/01/2027;EUR;UBS;UBS Group AG;;;;1000;Senior;25/09/2026;RP;98,43;0;4;4,85;0,32;3,88;3,88;0,32;2,102;2,102;0;;;0;12,55;
XS0071996515;MORGAN GUARANTY TRUST 21/01/2027 ZC;21/01/2027;EUR;MORGANSTANLEY;Morgan Stanley;;;;1000;Senior;25/09/2026;RP;98,99;0;4;3,3;0,3;1,95;1,95;0,31;0,595;0,595;0;;;0;13;
XS0074789503;EBRD 07/04/2027 ZC ZAR;07/04/2027;ZAR;SOV_EBRD;European Bank for Reconstruction and Development;AAA;;;5000;Senior;25/09/2026;RP;96,36;0;1;7,38;0,48;6,54;6,54;0,49;4,348;4,348;0;0;;0;2,35;
XS0076085603;DEUTSCHE BANK 27/05/2027 ZC ZAR;27/05/2027;ZAR;DEUTSCHEBANK;Deutsche Bank AG;;;;5000;Senior;25/09/2026;RP;94,62;0;1;8,77;0,6;7,42;7,42;0,61;5,61;5,61;0;;;0;2,95;
XS0076593267;EUROPEAN BANK FOR RECONSTRUCTION AND DEVELOPMENT 17/06/2027 ZAR ZC;17/06/2027;ZAR;SOV_EBRD;European Bank for Reconstruction and Development;AAA;;;5000;Senior;25/09/2026;LP;95;300000;1;7,44;0,67;6,77;6,77;0,67;4,225;4,225;0;;;0;3,3;
XS0080713497;EUROPEAN BANK FOR RECONSTRUCTION AND DEVELOPMENT 30/12/2027 ZAR ZC;30/12/2027;ZAR;SOV_EBRD;European Bank for Reconstruction and Development;AAA;;;50000;Senior;25/09/2026;RP;91,04;0;1;7,79;1,16;7,18;7,18;1,17;4,33;4,33;0;;;0;3,31;
XS0082720698;WORLD BANK 29/12/2028 ZC ZAR;29/12/2028;ZAR;SOV_WORLDBANK;World Bank;;;;5000;Senior;25/09/2026;LP;84,66;1545000;1;7,68;2,09;7,07;7,07;2,1;4,074;4,074;0;0;;0;2,96;
XS0082826255;EBRD 29/12/2028 ZC ZAR;29/12/2028;ZAR;SOV_EBRD;European Bank for Reconstruction and Development;AAA;;;50000;Senior;25/09/2026;RP;84,54;0;1;7,75;2,09;7,14;7,14;2,1;4,142;4,142;0;0;;0;2,9;
XS0083662923;BERS 04/02/2048 ZC;04/02/2048;ITL;SOV_EBRD;European Bank for Reconstruction and Development;AAA;;;516;Senior;25/09/2026;LP;31,15;280000000;2;5,61;20,23;5,5;5,5;20,25;2,023;2,023;0;;;0;6,133;
XS0084291201;EBRD 31/12/2029 ZC ZAR;31/12/2029;ZAR;SOV_EBRD;European Bank for Reconstruction and Development;AAA;;;50000;Senior;25/09/2026;RP;78,02;0;1;7,92;3,02;7,4;7,4;3,03;4,29;4,29;0;0;;0;3,05;
XS0085727559;BEI 07/12/2028 6% GBP;07/12/2028;GBP;SOV_BEI;European Investment Bank;AAA;;;1000;Senior;25/09/2026;RP;102,26;0;1;4,87;1,93;4,14;4,14;1,96;1,272;1,282;0,06;1;12;0,0587;99,164;
XS0096499057;BEI 15/04/2039 5% GBP;15/04/2039;GBP;SOV_BEI;European Investment Bank;AAA;;;1000;Senior;25/09/2026;LP;94,48;62000;1;5,62;8,81;4,93;4,97;9,17;1,97;1,976;0,05;1;4;0,0529;99,741;
XS0114126294;BEI 07/06/2032 5,625% GBP;07/06/2032;GBP;SOV_BEI;European Investment Bank;AAA;;;1000;Senior;25/09/2026;LP;102,61;171000;1;5,08;4,72;4,39;4,39;4,83;1,451;1,455;0,05625;1;6;0,0548;99,115;
XS0161100515;TELECOM ITALIA FINANCE 24/01/2033 7,75%;24/01/2033;EUR;TELECOMITALIA;Telecom Italia;;;;1000;Senior;25/09/2026;LP;116,1;406000;2;4,74;4,86;2,9;2,9;5,22;1,111;1,116;0,0775;1;1;0,0668;98,239;
XS0162990229;EDF 21/02/2033 5,625%;21/02/2033;EUR;EDF;Electricite de France S.A;;;;1000;Senior;25/09/2026;RP;106,93;0;1;4,36;5,19;2,95;2,95;5,48;0,731;0,735;0,05625;1;2;0,0526;98,898;
XS0202407093;BEI 12/10/2054 4,625% GBP;12/10/2054;GBP;SOV_BEI;European Investment Bank;AAA;;;1000;Senior;25/09/2026;LP;82;141000;2;5,96;13,44;5,25;5,29;14,58;2,506;2,427;0,04625;1;10;0,0564;101,44;
XS0214965963;TELECOM ITALIA 17/03/2055 5,25%;17/03/2055;EUR;TELECOMITALIA;Telecom Italia;;;;100000;Senior;25/09/2026;RP;96,31;0;2;5,51;13,95;4,09;4,11;16,45;2,06;1,976;0,0525;1;3;0,0545;99,667;
XS0219724878;BEI 15/10/2037 4%;15/10/2037;EUR;SOV_BEI;European Investment Bank;AAA;;;1000;Senior;25/09/2026;LP;100,83;63000;2;3,91;8,48;3,41;3,41;8,76;0,256;0,261;0,04;1;10;0,0397;99,214;
XS0229567440;GENERAL ELETRIC 19/09/2035 4,125%;19/09/2035;EUR;GENERALELECTRIC;General Electric Company;;;;1000;T2;25/09/2026;LP;98,64;3000;1;4,31;7,34;3,2;3,23;7,72;0,674;0,677;0,04125;1;9;0,0418;98,65;
XS0295479983;BEI 07/03/2044 4,5% GBP;07/03/2044;GBP;SOV_BEI;European Investment Bank;AAA;;;1000;Senior;25/09/2026;LP;85,09;78000;1;5,89;10,99;5,19;5,26;11,58;2,257;2,256;0,045;1;3;0,0529;99,81;
XS0306646042;ENEL 21/06/2027 5,625%;21/06/2027;EUR;ENEL;ENEL;;;;50000;Senior;25/09/2026;RP;101,47;0;1;3,51;0,7;2,09;2,09;0,71;0,291;0,291;0,05625;1;6;0,0554;99,834;
XS0415532273;BEI 07/06/2029 4,5% GBP;07/06/2029;GBP;SOV_BEI;European Investment Bank;AAA;;;1000;Senior;25/09/2026;LP;98,99;103000;2;4,9;2,44;4,3;4,34;2,47;1,276;1,283;0,045;1;6;0,0455;99,092;
XS0452187320;ENEL 14/09/2040 5,75% GBP;14/09/2040;GBP;ENEL;ENEL;;;;50000;Senior;25/09/2026;RP;91,51;0;1;6,7;9,13;5,01;5,12;10,1;3,051;3,057;0,0575;1;9;0,0628;99,395;
XS0461641309;DEUTSCHE BANK 12/07/2030 2,32%;12/07/2030;EUR;DEUTSCHEBANK;Deutsche Bank AG;;;;1000;Senior;25/09/2026;RP;97,08;0;1;4,08;3,46;3,03;3,22;3,53;0,445;0,449;0,0323;1;7;0,0333;100;
XS0468535637;QATAR 20/01/2040 6,4% USD Call;20/01/2040;USD;GOV_QA;Qatar;AA;Aa2;;100000;Senior;25/09/2026;RP;103,37;0;1;6,12;8,6;5,31;5,31;9,05;2,465;2,473;0,064;2;1,7;0,0619;100;
XS0505157965;BEI 15/04/2030 4%;15/04/2030;EUR;SOV_BEI;European Investment Bank;AAA;;;1000;Senior;25/09/2026;LP;101,44;50000;1;3,55;3,21;3,06;3,06;3,25;-0,077;-0,071;0,04;1;4;0,0394;98,697;
XS0553728709;DEUTSCHE TELEKOM INTERNATIONAL FINANCE 28/10/2030 4,5%;28/10/2030;EUR;DEUTSCHETELEKOM;Deutsche Telekom AG;;;;1000;Senior;25/09/2026;LP;103;5000;1;3,69;3,54;2,54;2,54;3,68;0,061;0,065;0,045;1;10;0,0437;98,519;
XS0740808802;BEI 08/06/2037 3,875% GBP;08/06/2037;GBP;SOV_BEI;European Investment Bank;AAA;;;1000;Senior;25/09/2026;RP;87,01;0;1;5,51;8,24;4,86;4,98;8,48;1,862;1,867;0,03875;1;6;0,0445;98,283;
XS0752034206;BEI 14/03/2042 3,625%;14/03/2042;EUR;SOV_BEI;European Investment Bank;AAA;;;1000;Senior;25/09/2026;LP;97,8;57000;1;3,81;11,39;3,34;3,35;11,8;0,17;0,173;0,03625;1;3;0,0371;98,847;
XS0755873253;BEI 15/04/2027 3,5%;15/04/2027;EUR;SOV_BEI;European Investment Bank;AAA;;;1000;Senior;25/09/2026;LP;100,212;35000;1;3,08;0,53;2,64;2,64;0,53;0,018;0,018;0,035;1;4;0,0349;99,763;
XS0819573394;DEUTSCHE BANK 21/08/2032 ZC ZAR;21/08/2032;ZAR;DEUTSCHEBANK;Deutsche Bank AG;;;;10000;Senior;25/09/2026;RP;58,32;0;1;9,58;5,38;7,86;7,86;5,47;5,951;5,951;0;;;0;25;
XS0875797515;DEUTSCHE TELEKOM INTERNATIONAL FINANCE 17/01/2028 3,25%;17/01/2028;EUR;DEUTSCHETELEKOM;Deutsche Telekom AG;;;;1000;Senior;25/09/2026;RP;100,05;0;1;3,2;1,23;2,35;2,35;1,25;-0,267;-0,261;0,0325;1;1;0,0325;98,72;
XS0876771840;DEUTSCHE BANK 16/01/2028 ZC ZAR;16/01/2028;ZAR;DEUTSCHEBANK;Deutsche Bank AG;;;;10000;Senior;25/09/2026;RP;89,84;0;1;8,6;1,2;7,61;7,92;1,2;5,132;5,132;0;;;0;34,8;
XS0878008225;BEI 15/03/2035 2,625%;15/03/2035;EUR;SOV_BEI;European Investment Bank;AAA;;;1000;Senior;25/09/2026;LP;91,62;170000;1;3,8;7,26;3,34;3,45;7,39;0,169;0,172;0,02625;1;3;0,0287;99,029;
XS0884635524;BEI 15/03/2040 2,75%;15/03/2040;EUR;SOV_BEI;European Investment Bank;AAA;;;1000;Senior;25/09/2026;LP;90,74;38000;1;3,63;10,74;3,19;3,27;11,03;-0,021;-0,017;0,0275;1;3;0,0303;99,618;
XS0908570459;VOLKSWAGEN INTERNATIONAL FINANCE 22/03/2033 3,3% ;22/03/2033;EUR;VOLKSWAGEN;Volkswagen AG;;;;100000;Senior;25/09/2026;RP;91;0;1;4,95;5,53;3,7;4,05;5,73;1,33;1,332;0,033;1;3;0,0363;100;
XS0960306578;BEI 13/09/2030 2,75%;13/09/2030;EUR;SOV_BEI;European Investment Bank;AAA;;;1000;Senior;25/09/2026;LP;97,2;70000;1;3,52;3,67;3,08;3,17;3,7;-0,112;-0,109;0,0275;1;9;0,0283;99,929;
XS0975634204;BEI 14/10/2033 3%;14/10/2033;EUR;SOV_BEI;European Investment Bank;AAA;;;1000;Senior;25/09/2026;LP;95,51;221000;2;3,74;6,02;3,28;3,35;6,13;0,113;0,114;0,03;1;10;0,0314;99,568;
XS1023703090;ENI 29/01/2029 3,625%;29/01/2029;EUR;ENI;Eni;;;;100000;Senior;25/09/2026;RP;99,8;0;1;3,71;2,15;2,75;2,76;2,2;0,1;0,107;0,03625;1;1;0,0363;99,374;
XS1069928783;RABOBANK NEDERLAND 23/05/2034 ZC ZAR;23/05/2034;ZAR;RABOBANK;Rabobank;;;;100000;Senior;25/09/2026;LP;48;900000;1;10,07;6,95;9,36;9,52;6,99;6,444;6,444;0;;;0;17,5;
XS1107247725;BEI 15/09/2045 1,75%;15/09/2045;EUR;SOV_BEI;European Investment Bank;AAA;;;1000;Senior;25/09/2026;LP;70,24;1000;1;4,02;15,03;3,59;3,75;15,42;0,407;0,403;0,0175;1;9;0,0249;97,218;
XS1107718279;BEI GREEN BOND 13/11/2026 1,25%;13/11/2026;EUR;SOV_BEI;European Investment Bank;AAA;;;1000;Senior;25/09/2026;LP;99,84;15000;1;2,55;0,12;2,24;2,39;0,12;-0,062;-0,062;0,0125;1;11;0,0125;98,738;
XS1110833123;BAHRAIN 19/09/2044 6% USD;19/09/2044;USD;GOV_BH;Bahrain;B;B2;;200000;Senior;25/09/2026;RP;77,78;0;0;8,6;9,44;7,57;7,67;10,14;4,97;4,966;0,06;2;3,9;0,0771;100;
XS1120892507;TELEFONICA EMISIONES 17/10/2029 2,932%;17/10/2029;EUR;TELEFONICA;Telefonica;;;;100000;Senior;25/09/2026;RP;97,45;0;0;3,83;2,77;2,84;3,06;2,83;0,204;0,207;0,02932;1;10;0,0301;100;
XS1135277140;SHELL INTERNATIONAL FINANCE 20/01/2027 1,625%;20/01/2027;EUR;SHELL;Shell plc;;;;100000;Senior;25/09/2026;RP;99,56;0;1;3,06;0,3;2,27;2,62;0,3;0,354;0,354;0,01625;1;1;0,0163;99,02;
XS1167524922;BEI 21/12/2026 8,125% ZAR;21/12/2026;ZAR;SOV_BEI;European Investment Bank;AAA;;;5000;Senior;25/09/2026;LP;100,051;1185000;1;7,65;0,21;6,69;6,69;0,21;5,032;5,032;0,08125;1;12;0,0812;100,515;
XS1167667283;VOLKSWAGEN INTERNATIONAL FINANCE 16/01/2030 1,625%;16/01/2030;EUR;VOLKSWAGEN;Volkswagen AG;;;;1000;Senior;25/09/2026;LP;91,7;6000;1;4,38;3,06;3,27;3,92;3,1;0,748;0,751;0,01625;1;1;0,0177;98,99;
XS1180130939;RABOBANK 03/02/2027 1,375%;03/02/2027;EUR;RABOBANK;Rabobank;;;;1000;Senior;25/09/2026;RP;99,294;0;0;3,44;0,34;2,55;3,07;0,34;0,664;0,664;0,01375;1;2;0,0138;99,114;
XS1183208328;BEI 14/03/2031 1%;14/03/2031;EUR;SOV_BEI;European Investment Bank;AAA;;;1000;Senior;25/09/2026;LP;89,5;306000;1;3,59;4,2;3,16;3,46;4,22;-0,04;-0,039;0,01;1;3;0,0112;99,852;
XS1204154410;CREDITE AGRICOLE 17/03/2027 2,625% Tier 2;17/03/2027;EUR;CREDITEAGRICOLE;Credit Agricole Group;;;;100000;T2;25/09/2026;RP;99,65;0;1;3,38;0,45;2,5;2,7;0,45;0,408;0,408;0,02625;1;3;0,0263;99,969;
XS1208855889;BULGARIA 26/03/2027 2,625%;26/03/2027;EUR;GOV_BG;Bulgaria;BBB+;Baa1;;100000;Senior;25/09/2026;RP;99,908;0;0;2,8;0,47;2,45;2,47;0,48;-0,201;-0,201;0,02625;1;3;0,0263;98,918;
XS1208856341;BULGARIA 26/03/2035 3,125%;26/03/2035;EUR;GOV_BG;Bulgaria;BBB+;Baa1;;100000;Senior;25/09/2026;RP;91,09;0;1;4,4;7,1;3,88;3,99;7,24;0,772;0,774;0,03125;1;3;0,0343;97,982;
XS1209947271;POLONIA 10/05/2027 0,875%;10/05/2027;EUR;GOV_PL;Polonia;A-;A2;;1000;Senior;25/09/2026;RP;98,769;0;1;2,93;0,59;2,57;2,81;0,59;-0,19;-0,19;0,00875;1;5;0,0089;98,34;
XS1218809389;WORLD BANK 16/04/2030 0,5%;16/04/2030;EUR;SOV_WORLDBANK;World Bank;;;;1000;Senior;25/09/2026;LP;90,24;33000;1;3,47;3,4;3,05;3,4;3,4;-0,159;-0,158;0,005;1;4;0,0055;99,626;
XS1238805102;WORLD BANK 29/05/2035 ZC ZAR;29/05/2035;ZAR;SOV_WORLDBANK;World Bank;;;;10000;Senior;25/09/2026;LP;49,01;200000;1;8,58;7,98;8,2;8,2;8,01;4,944;4,944;0;0;;0;17,5;
XS1313004928;ROMANIA 29/10/2035 3,875%;29/10/2035;EUR;GOV_RO;Romania;BBB-;Baa3;;1000;Senior;25/09/2026;LP;83,5;598000;2;6,32;6,94;5,58;5,77;7,15;2,677;2,681;0,03875;1;10;0,0464;99,248;
XS1346201889;POLONIA 18/01/2036 2,375%;18/01/2036;EUR;GOV_PL;Polonia;A-;A2;;1000;Senior;25/09/2026;LP;85,46;133000;1;4,3;7,88;3,8;3,97;8,02;0,661;0,665;0,02375;1;1;0,0278;98,499;
XS1347679448;BEI 12/11/2026 1,75% SEK;12/11/2026;SEK;SOV_BEI;European Investment Bank;AAA;;;10000;Senior;25/09/2026;RP;99,978;0;0;1,9;0,12;1,67;1,68;0,12;-0,711;-0,711;0,0175;1;11;0,0175;99,13;
XS1361554584;BEI 15/09/2036 1,125%;15/09/2036;EUR;SOV_BEI;European Investment Bank;AAA;;;1000;Senior;25/09/2026;RP;77,43;0;1;3,9;9,04;3,46;3,73;9,12;0,253;0,255;0,01125;1;9;0,0145;97,98;
XS1362373224;GOLDMAN SACHS 12/02/2031 3%;12/02/2031;EUR;GOLDMAN;Goldman Sachs;;;;1000;Senior;25/09/2026;RP;97,41;0;1;3,65;3,94;2,71;2,86;4,04;0,017;0,021;0,03;1;2;0,0308;100;
XS1382696398;BULGARIA 21/03/2028 3%;21/03/2028;EUR;GOV_BG;Bulgaria;BBB+;Baa1;;100000;Senior;25/09/2026;RP;99,44;0;0;3,38;1,4;2,97;3;1,41;-0,13;-0,125;0,03;1;3;0,0302;98,237;
XS1382791975;DEUTSCHE TELECOM 03/04/2028 1,5%;03/04/2028;EUR;DEUTSCHETELEKOM;Deutsche Telekom AG;;;;1000;Senior;25/09/2026;LP;97,22;84000;1;3,41;1,45;2,53;3;1,46;-0,108;-0,106;0,015;1;4;0,0154;99,162;
XS1412711217;ENI 17/05/2028 1,625%;17/05/2028;EUR;ENI;Eni;;;;100000;Senior;25/09/2026;LP;96,87;400000;1;3,63;1,56;2,7;3,18;1,57;0,085;0,088;0,01625;1;5;0,0168;98,73;
XS1420357318;ROMANIA 26/05/2028 2,875%;26/05/2028;EUR;GOV_RO;Romania;BBB-;Baa3;;1000;Senior;25/09/2026;LP;98,05;350000;2;4,11;1,56;3,6;3,74;1,57;0,557;0,562;0,02875;1;5;0,0293;98,84;
XS1422953932;BEI 14/04/2032 1%;14/04/2032;EUR;SOV_BEI;European Investment Bank;AAA;;;1000;Senior;25/09/2026;LP;86,85;111000;1;3,66;5,19;3,23;3,53;5,22;0,036;0,037;0,01;1;4;0,0115;99,738;
XS1463101680;VODAFONE GROUP 29/07/2031 1,6%;29/07/2031;EUR;VODAFONE;Vodafone Group;;;;100000;Senior;25/09/2026;RP;88,68;0;0;4,24;4,47;3,18;3,79;4,53;0,608;0,609;0,016;1;7;0,018;99,79;
XS1493328477;ENI 19/09/2028 1,125%;19/09/2028;EUR;ENI;Eni;;;;100000;Senior;25/09/2026;RP;95,37;0;1;3,6;1,89;2,68;3,28;1,9;0,009;0,011;0,01125;1;9;0,0118;98,824;
XS1500338618;BEI GREEN BOND 13/11/2037 0,5%;13/11/2037;EUR;SOV_BEI;European Investment Bank;AAA;;;1000;Senior;25/09/2026;RP;69,77;0;1;3,9;10,31;3,48;3,82;10,36;0,252;0,253;0,005;1;11;0,0072;97,75;
XS1503043694;BEI 14/09/2029 0,25%;14/09/2029;EUR;SOV_BEI;European Investment Bank;AAA;;;1000;Senior;25/09/2026;LP;91;69000;1;3,5;2,85;3,08;3,47;2,85;-0,123;-0,123;0,0025;1;9;0,0027;99,065;
XS1503131713;TERNA 11/10/2028 1%;11/10/2028;EUR;TERNA;Terna S.p.A;;;;100000;Senior;25/09/2026;RP;94,86;0;1;3,67;1,93;2,73;3,38;1,94;0,077;0,078;0,01;1;10;0,0105;98,882;
XS1505567088;BEI 13/09/2047 0,875%;13/09/2047;EUR;SOV_BEI;European Investment Bank;AAA;;;1000;Senior;25/09/2026;RP;55,78;0;1;4,04;17,73;3,64;3,88;18,03;0,447;0,444;0,00875;1;9;0,0157;96,743;
XS1505573482;SNAM 25/10/2026 0,875%;25/10/2026;EUR;SNAM;Snam S.p.A;;;;100000;Senior;25/09/2026;RP;99,98;0;1;1,15;0,07;0,85;0,92;0,07;-1,462;-1,462;0,00875;1;10;0,0088;99,506;
XS1508450688;UNICREDIT 24/10/2026 2,125%;24/10/2026;EUR;UNICREDIT;UniCredit S.p.A;;;;100000;Senior;25/09/2026;RP;100,05;0;0;1,38;0,07;0,83;0,83;0,07;-1,239;-1,239;0,02125;1;10;0,0212;100;
XS1508566392;POLONIA 25/10/2028 1%;25/10/2028;EUR;GOV_PL;Polonia;A-;A2;;1000;Senior;25/09/2026;RP;95,62;0;1;3,22;1,98;2,82;3,08;1,98;-0,375;-0,374;0,01;1;10;0,0105;99,35;
XS1508566558;POLONIA 25/10/2046 2%;25/10/2046;EUR;GOV_PL;Polonia;A-;A2;;1000;Senior;25/09/2026;RP;64,74;0;1;4,77;14,58;4,26;4,44;15,11;1,16;1,154;0,02;1;10;0,0309;97,313;
XS1508585772;WORLD BANK 12/01/2033 0,625%;12/01/2033;EUR;SOV_WORLDBANK;World Bank;;;;1000;Senior;25/09/2026;RP;83,17;0;1;3,67;5,92;3,24;3,58;5,95;0,046;0,047;0,00625;1;1;0,0075;99,25;
XS1508675508;ARABIA SAUDITA 26/10/2046 4,5% USD;26/10/2046;USD;GOV_SA;Arabia Saudita;A+;Aa3;;200000;Senior;25/09/2026;RP;75,39;0;1;6,87;11,22;6,07;6,17;11,98;3,262;3,252;0,045;2;4,10;0,0597;98,015;
XS1508912646;ACEA 24/10/2026 1% CALLABLE;24/10/2026;EUR;ACEA;Acea Energia;;;;100000;Senior;25/09/2026;RP;100,02;0;1;0,7;0,07;0,41;0,41;0,07;-1,911;-1,911;0,01;1;10;0,01;98,38;
XS1528093799;AUTOSTRADE 01/02/2027 1,75%;01/02/2027;EUR;AUTOSTRADE;Autostrade per l'Italia S.p.A;;;;100000;Senior;25/09/2026;RP;99,58;0;1;2,98;0,33;2,21;2,51;0,33;0,222;0,222;0,0175;1;2;0,0176;99,05;
XS1538284230;CREDITE AGRICOLE 20/12/2026 1,875%;20/12/2026;EUR;CREDITEAGRICOLE;Credit Agricole Group;;;;100000;Senior;25/09/2026;RP;99,7;0;0;3,21;0,22;2,38;2,72;0,22;0,598;0,598;0,01875;1;12;0,0188;99,504;
XS1547492410;BEI 11/01/2027 8% MXN;11/01/2027;MXN;SOV_BEI;European Investment Bank;AAA;;;1000;Senior;25/09/2026;LP;100,107;1250000;1;7,39;0,27;6,45;6,45;0,27;4,729;4,729;0,08;1;1;0,0799;100,855;
XS1551068676;ENI 17/01/2027 1,5%;17/01/2027;EUR;ENI;Eni;;;;100000;Senior;25/09/2026;RP;99,58;0;1;2,9;0,29;2,15;2,5;0,29;0,215;0,215;0,015;1;1;0,0151;99,23;
XS1551917591;ITALGAS 19/01/2027 1,625%;19/01/2027;EUR;ITALGAS;Italgas S.p.A.;;;;100000;Senior;25/09/2026;RP;99,59;0;0;2,97;0,3;2,2;2,53;0,3;0,271;0,271;0,01625;1;1;0,0163;99,17;
XS1555331617;BEI 15/01/2027 0,5%;15/01/2027;EUR;SOV_BEI;European Investment Bank;AAA;;;1000;Senior;25/09/2026;RP;99,386;0;1;2,61;0,29;2,28;2,53;0,29;-0,076;-0,076;0,005;1;1;0,005;98,958;
XS1558078496;EGITTO 31/01/2047 8,5% USD;31/01/2047;USD;GOV_EG;Egitto;B;Caa1;;200000;Senior;25/09/2026;RP;90,81;0;1;9,75;8,56;8,53;8,56;9,39;6,144;6,129;0,085;2;1,7;0,0936;100;
XS1566126345;BEI 16/02/2027 ZC TRY;16/02/2027;TRY;SOV_BEI;European Investment Bank;AAA;;;1000;Senior;25/09/2026;LP;88,3;370000;1;38,32;0,28;36,28;40,33;0,27;35,485;35,485;0;;;0;39,875;
XS1578046937;WORLD BANK 13/03/2027 ZC MXN;13/03/2027;MXN;SOV_WORLDBANK;World Bank;;;;50000;Senior;25/09/2026;RP;96,751;0;1;7,58;0,42;7,05;7,1;0,42;4,628;4,628;0;0;;0;49,645;
XS1584894650;POLONIA 22/10/2027 1,375%;22/10/2027;EUR;GOV_PL;Polonia;A-;A2;;1000;Senior;25/09/2026;LP;98,48;7000;1;2,85;1,02;2,49;2,66;1,02;-0,552;-0,551;0,01375;1;10;0,014;99,068;
XS1586555945;VOLKSWAGEN 30/03/2027 1,875%;30/03/2027;EUR;VOLKSWAGEN;Volkswagen AG;;;;100000;Senior;25/09/2026;RP;99,35;0;1;3,19;0,48;2,37;2,69;0,49;0,182;0,182;0,01875;1;3;0,0189;98,913;
XS1588672144;BEI 07/07/2027 6,5% MXN;07/07/2027;MXN;SOV_BEI;European Investment Bank;AAA;;;1000;Senior;25/09/2026;LP;99,216;1181000;1;7,53;0,72;6,62;6,7;0,72;4,276;4,276;0,065;1;7;0,0655;96,045;
XS1596778008;UNICREDIT 12/04/2027 4,625% USD;12/04/2027;USD;UNICREDIT;UniCredit S.p.A;;;;200000;Senior;25/09/2026;RP;100,13;0;0;4,34;0,51;3,14;3,14;0,52;1,294;1,294;0,04625;1;4;0,0462;99,085;
XS1599193403;ROMANIA 19/04/2027 2,375%;19/04/2027;EUR;GOV_RO;Romania;BBB-;Baa3;;1000;Senior;25/09/2026;LP;99,501;153000;2;3,28;0,54;2,87;2,98;0,54;0,214;0,214;0,02375;1;4;0,0239;99,683;
XS1603892149;MORGAN STANLEY 27/04/2027 1,875%;27/04/2027;EUR;MORGANSTANLEY;Morgan Stanley;;;;100000;Senior;25/09/2026;RP;99,3;0;0;3,11;0,56;2,3;2,62;0,56;0,02;0,02;0,01875;1;4;0,0189;99,774;
XS1605368536;BEI 05/05/2027 8% ZAR;05/05/2027;ZAR;SOV_BEI;European Investment Bank;AAA;;;5000;Senior;25/09/2026;LP;100,224;350000;1;7,48;0,56;6,5;6,5;0,56;4,37;4,37;0,08;1;5;0,0798;97,759;
XS1610697366;GOLDMAN SACHS 26/04/2028 STEP UP 3,2% - 4,10% USD CALLABLE;26/04/2028;USD;GOLDMAN;Goldman Sachs;;;;2000;Senior;25/09/2026;LP;97,94;50000;1;5,45;1,46;4,04;4,38;1,48;1,913;1,92;0,04;0;4;0,0408;100;
XS1612977717;BEI 13/04/2033 1,125%;13/04/2033;EUR;SOV_BEI;European Investment Bank;AAA;;;1000;Senior;25/09/2026;RP;85,21;0;1;3,71;6,06;3,28;3,55;6,1;0,09;0,091;0,01125;1;4;0,0132;98,62;
XS1619568139;LITUANIA 26/05/2047 2,1%;26/05/2047;EUR;GOV_LT;Lituania;A;A2;;1000;Senior;25/09/2026;RP;65,17;0;1;4,79;14,99;4,28;4,45;15,54;1,191;1,184;0,021;1;5;0,0322;98,079;
XS1641457277;BEI GREEN BOND 15/11/2047 1,5%;15/11/2047;EUR;SOV_BEI;European Investment Bank;AAA;;;1000;Senior;25/09/2026;RP;63,83;0;0;4,09;16,33;3,65;3,84;16,81;0,495;0,489;0,015;1;11;0,0235;99,688;
XS1652855815;VODAFONE GROUP 24/07/2027 1,5%;24/07/2027;EUR;VODAFONE;Vodafone Group;;;;100000;Senior;25/09/2026;RP;98,64;0;0;3,21;0,79;2,38;2,81;0,79;-0,075;-0,075;0,015;1;7;0,0152;99,733;
XS1652866002;TERNA 26/07/2027 1,375%;26/07/2027;EUR;TERNA;Terna S.p.A;;;;100000;Senior;25/09/2026;RP;98,5;0;1;3,25;0,8;2,41;2,88;0,8;-0,038;-0,038;0,01375;1;7;0,014;99,602;
XS1675862103;BAHRAIN 20/09/2047 7,5% USD;20/09/2047;USD;GOV_BH;Bahrain;B;B2;;200000;Senior;25/09/2026;RP;90,71;0;0;8,63;9,55;7,56;7,58;10,4;5,033;5,013;0,075;2;3,9;0,0827;100;
XS1685542497;ITALGAS 18/01/2029 1,625%;18/01/2029;EUR;ITALGAS;Italgas S.p.A.;;;;100000;Senior;25/09/2026;RP;95,07;0;1;3,9;2,17;2,9;3,46;2,19;0,292;0,295;0,01625;1;1;0,0171;99,746;
XS1694218469;ARABIA SAUDITA 04/10/2047 4,625% USD;04/10/2047;USD;GOV_SA;Arabia Saudita;A+;Aa3;;200000;Senior;25/09/2026;RP;76,25;0;0;6,87;11,35;6,06;6,15;12,17;3,274;3,259;0,04625;2;4,10;0,0607;99,39;
XS1696445516;UNGHERIA 10/10/2027 1,75%;10/10/2027;EUR;GOV_HU;Ungheria;BBB-;Baa2;;1000;Senior;25/09/2026;LP;98,45;18000;1;3,3;0,98;2,9;3,07;0,98;-0,083;-0,082;0,0175;1;10;0,0178;98,592;
XS1713462668;CROAZIA 15/06/2028 2,7%;15/06/2028;EUR;GOV_HR;Croazia;A;A3;;100000;Senior;25/09/2026;RP;98,8;0;0;3,43;1,63;3;3,07;1,64;-0,131;-0,127;0,027;1;6;0,0273;98,302;
XS1713475306;CROAZIA 27/01/2030 2,75%;27/01/2030;EUR;GOV_HR;Croazia;A;A3;;100000;Senior;25/09/2026;RP;97,46;0;0;3,57;3,06;3,13;3,21;3,09;-0,061;-0,057;0,0275;1;1;0,0282;97,943;
XS1717013335;IFC 15/11/2027 ZC TRY;15/11/2027;TRY;IFC;International Finance Corporation;;;;10000;Senior;25/09/2026;LP;76,97;40000;1;26,1;0,9;25,04;26,85;0,89;22,68;22,68;0;;;0;35;
XS1721422902;VODAFONE GROUP 20/11/2037 2,875%;20/11/2037;EUR;VODAFONE;Vodafone Group;;;;100000;Senior;25/09/2026;RP;84,04;0;0;4,75;8,84;3,59;3,91;9,34;1,102;1,106;0,02875;1;11;0,0342;98,229;
XS1747444831;BMW FINANCE 10/01/2028 1,125%;10/01/2028;EUR;BMW;Bayerische Motoren Werke AG;;;;1000;Senior;25/09/2026;LP;97,05;10000;1;3,52;1,23;2,61;3,21;1,23;0,052;0,054;0,01125;1;1;0,0116;99,831;
XS1753042743;BEI 16/10/2048 1,5%;16/10/2048;EUR;SOV_BEI;European Investment Bank;AAA;;;1000;Senior;25/09/2026;RP;62,39;0;1;4,13;16,78;3,7;3,88;17,3;0,552;0,544;0,015;1;10;0,024;98,138;
XS1768067297;ROMANIA 08/02/2030 2,5%;08/02/2030;EUR;GOV_RO;Romania;BBB-;Baa3;;1000;Senior;25/09/2026;LP;92,17;69000;1;5,09;3,05;4,47;4,75;3,08;1,456;1,46;0,025;1;2;0,0271;99,133;
XS1768074319;ROMANIA 08/02/2038 3,375%;08/02/2038;EUR;GOV_RO;Romania;BBB-;Baa3;;1000;Senior;25/09/2026;LP;74,23;82000;1;6,68;8,47;5,93;6,17;8,74;3,029;3,034;0,03375;1;2;0,0455;98,929;
XS1775617464;EGITTO 21/02/2048 7,903% USD;21/02/2048;USD;GOV_EG;Egitto;B;Caa1;;200000;Senior;25/09/2026;LP;85,6;800000;1;9,71;8,89;7,21;7,3;10,86;6,115;6,091;0,07903;2;2,8;0,0923;100;
XS1784311703;UNIPOL 01/03/2028 3,875% T2;01/03/2028;EUR;UNIPOL;Unipol Sai;;;;100000;T2;25/09/2026;RP;99,93;0;1;3,91;1,33;2,89;2,91;1,35;0,407;0,414;0,03875;1;3;0,0388;100;
XS1785340172;INTESA SANPAOLO 20/03/2028 1,75%;20/03/2028;EUR;INTESASP;Intesa Sanpaolo;;;;100000;Senior;25/09/2026;RP;97,34;0;1;3,63;1,4;2,69;3,15;1,42;0,117;0,12;0,0175;1;3;0,018;99,266;
XS1791485011;BEI 14/01/2028 0,875%;14/01/2028;EUR;SOV_BEI;European Investment Bank;AAA;;;1000;Senior;25/09/2026;LP;97,04;77000;1;3,25;1,24;2,84;3,13;1,25;-0,219;-0,218;0,00875;1;1;0,009;99,85;
XS1791939736;ARABIA SAUDITA 17/04/2049 5% USD;17/04/2049;USD;GOV_SA;Arabia Saudita;A+;Aa3;;200000;Senior;25/09/2026;LP;80,15;200000;1;6,84;11,54;6,02;6,08;12,44;3,263;3,236;0,05;2;4,10;0,0624;97,826;
XS1796209010;GOLDMAN SACHS 22/03/2028 2%;22/03/2028;EUR;GOLDMAN;Goldman Sachs;;;;1000;Senior;25/09/2026;RP;97,75;0;1;3,58;1,41;2,66;3,04;1,42;0,067;0,071;0,02;1;3;0,0205;99,409;
XS1826356773;GOLDMAN SACHS 15/08/2028 4,15% USD;15/08/2028;USD;GOLDMAN;Goldman Sachs;;;;2000;Senior;25/09/2026;RP;99,78;0;1;4,27;1,76;3,16;3,19;1,79;0,69;0,695;0,0415;1;8;0,0416;100;
XS1828033834;DEUTSCHE TELEKOM 01/12/2029 2%;01/12/2029;EUR;DEUTSCHETELEKOM;Deutsche Telekom AG;;;;1000;Senior;25/09/2026;RP;95,33;0;1;3,58;2,95;2,67;3,03;2,99;-0,048;-0,045;0,02;1;12;0,021;99,325;
XS1837994794;ROMANIA 15/06/2048 5,125% USD;15/06/2048;USD;GOV_RO;Romania;BBB-;Baa3;;2000;Senior;25/09/2026;LP;75,13;196000;2;7,59;10,92;6,7;6,78;11,79;4,005;3,983;0,05125;2;6,12;0,0682;98,867;
XS1843434876;CROAZIA 19/06/2029 1,125%;19/06/2029;EUR;GOV_HR;Croazia;A;A3;;100000;Senior;25/09/2026;RP;93,92;0;0;3,51;2,6;3,08;3,34;2,6;-0,119;-0,117;0,01125;1;6;0,012;98,148;
XS1861206636;GOLDMAN SACHS 01/11/2028 2%;01/11/2028;EUR;GOLDMAN;Goldman Sachs;;;;1000;Senior;25/09/2026;RP;96,88;0;1;3,57;1,96;2,65;3,03;1,99;-0,022;-0,019;0,02;1;11;0,0206;99,427;
XS1892127470;ROMANIA 11/03/2039 4,125%;11/03/2039;EUR;GOV_RO;Romania;BBB-;Baa3;;1000;Senior;25/09/2026;LP;78;95000;2;6,8;8,74;6,02;6,19;9,09;3,145;3,151;0,04125;1;3;0,0529;98,55;
XS1892141620;ROMANIA 11/03/2029 2,875%;11/03/2029;EUR;GOV_RO;Romania;BBB-;Baa3;;1000;Senior;25/09/2026;LP;96;175000;2;4,63;2,26;4,07;4,26;2,27;1,019;1,024;0,02875;1;3;0,0299;98,652;
XS1893631769;VOLKSWAGEN 16/10/2026 2,25%;16/10/2026;EUR;VOLKSWAGEN;Volkswagen AG;;;;1000;Senior;25/09/2026;RP;99,97;0;1;2,87;0,05;2,13;2,3;0,05;0,258;0,258;0,0225;1;10;0,0225;99,993;
XS1910948162;VOLKSWAGEN 16/11/2027 2,625%;16/11/2027;EUR;VOLKSWAGEN;Volkswagen AG;;;;100000;Senior;25/09/2026;RP;98,77;0;1;3,75;1,07;2,78;3,05;1,08;0,331;0,333;0,02625;1;11;0,0266;99,376;
XS1910948329;VOLKSWAGEN 18/11/2030 3,25%;18/11/2030;EUR;VOLKSWAGEN;Volkswagen AG;;;;100000;Senior;25/09/2026;RP;95,2;0;0;4,55;3,66;3,38;3,67;3,76;0,914;0,918;0,0325;1;11;0,0341;99,296;
XS1910948675;VOLKSWAGEN 16/11/2038 4,125%;16/11/2038;EUR;VOLKSWAGEN;Volkswagen AG;;;;100000;Senior;25/09/2026;RP;89,8;0;1;5,28;8,8;3,95;4,14;9,51;1,634;1,639;0,04125;1;11;0,0459;99,558;
XS1934867547;ROMANIA 08/12/2026 2%;08/12/2026;EUR;GOV_RO;Romania;BBB-;Baa3;;1000;Senior;25/09/2026;LP;99,72;135000;2;3,46;0,19;3,03;3,2;0,19;0,848;0,848;0,02;1;12;0,0201;99,078;
XS1936100483;ISRAELE 16/01/2029 1,5%;16/01/2029;EUR;GOV_IL;Israele;A;Baa1;;1000;Senior;25/09/2026;RP;94,31;0;1;4,14;2,16;3,64;3,94;2,17;0,534;0,537;0,015;1;1;0,0159;99,32;
XS1936302949;ARABIA SAUDITA 16/01/2050 5,25% USD;16/01/2050;USD;GOV_SA;Arabia Saudita;A+;Aa3;;200000;Senior;25/09/2026;RP;83,11;0;0;6,8;11,78;5,98;6,03;12,71;3,245;3,21;0,0525;2;1,7;0,0632;98,614;
XS1938387237;BEI 22/01/2029 0,625%;22/01/2029;EUR;SOV_BEI;European Investment Bank;AAA;;;1000;Senior;25/09/2026;LP;93,75;15000;1;3,48;2,22;3,05;3,4;2,22;-0,128;-0,127;0,00625;1;1;0,0067;100;
XS1941841311;GENERALI 29/01/2029 3,875% T2;29/01/2029;EUR;GENERALI;Generali;;;;100000;T2;25/09/2026;RP;99,45;0;1;4,12;2,14;3,05;3,11;2,18;0,509;0,516;0,03875;1;1;0,039;100;
XS1948611840;BMW FINANCE 06/02/2029 1,5%;06/02/2029;EUR;BMW;Bayerische Motoren Werke AG;;;;1000;Senior;25/09/2026;LP;95,02;21000;1;3,74;2,23;2,79;3,33;2,25;0,134;0,137;0,015;1;2;0,0158;99,375;
XS1956050923;CIPRO 26/02/2034 2,75% ;26/02/2034;EUR;GOV_CY;Cipro;A-;A3;;1000;Senior;25/09/2026;RP;93,97;0;0;3,69;6,43;3,24;3,33;6,54;0,069;0,071;0,0275;1;2;0,0293;99,093;
XS1958534528;POLONIA GREEN BOND 07/03/2029 1%;07/03/2029;EUR;GOV_PL;Polonia;A-;A2;;1000;Senior;25/09/2026;LP;94,4;78000;2;3,43;2,33;3,01;3,3;2,33;-0,18;-0,178;0,01;1;3;0,0106;99,462;
XS1958656982;BANCA IMI 11/03/2029 STEP UP 1,3% - 3,3%;11/03/2029;EUR;BANCAIMI;Banca IMI;;;;1000;Senior;25/09/2026;LP;99,6;9000;1;3,37;2,28;2,5;2,54;2,32;-0,241;-0,235;0,028;0;3;0,0281;100;
XS1960361720;POLONIA GREEN BOND 08/03/2049 2%;08/03/2049;EUR;GOV_PL;Polonia;A-;A2;;1000;Senior;25/09/2026;LP;62,63;2000;1;4,74;15,9;4,24;4,4;16,53;1,167;1,154;0,02;1;3;0,0319;98,425;
XS1968706876;ROMANIA 03/04/2049 4,625%;03/04/2049;EUR;GOV_RO;Romania;BBB-;Baa3;;1000;Senior;25/09/2026;LP;73,11;730000;3;7,04;11,79;6,23;6,31;12,67;3,463;3,437;0,04625;1;4;0,0633;99,49;
XS1970549561;ROMANIA 03/04/2034 3,5%;03/04/2034;EUR;GOV_RO;Romania;BBB-;Baa3;;1000;Senior;25/09/2026;LP;83,91;162000;2;6,24;6,14;5,51;5,75;6,27;2,618;2,62;0,035;1;4;0,0417;98,65;
XS1972547696;VOLKSWAGEN FINANCIAL SERVICES 01/10/2027 2,25%;01/10/2027;EUR;VOLKSWAGEN;Volkswagen AG;;;;1000;Senior;25/09/2026;RP;98,61;0;1;3,68;0,95;2,73;3,09;0,96;0,305;0,305;0,0225;1;10;0,0228;99,96;
XS1978552237;BEI 15/10/2026 0,1%;15/10/2026;EUR;SOV_BEI;European Investment Bank;AAA;;;1000;Senior;25/09/2026;RP;100,051;0;1;-1,06;0,04;-1,07;-1,07;0,04;-3,671;-3,671;0,001;1;10;0,001;99,918;
XS1998930926;WORLD BANK 21/05/2029 0,25%;21/05/2029;EUR;SOV_WORLDBANK;World Bank;;;;1000;Senior;25/09/2026;LP;92,41;15000;1;3,3;2,55;2,9;3,26;2,55;-0,324;-0,324;0,0025;1;5;0,0027;99,577;
XS2010026214;UNGHERIA 16/06/2031 4,25%;16/06/2031;EUR;GOV_HU;Ungheria;BBB-;Baa2;;100000;Senior;25/09/2026;RP;99,86;0;1;4,28;4,14;3,73;3,73;4,21;0,647;0,651;0,0425;1;6;0,0426;98,161;
XS2011151755;DEUTSCHE BANK 07/08/2027 1,02%;07/08/2027;EUR;DEUTSCHEBANK;Deutsche Bank AG;;;;1000;Senior;25/09/2026;RP;97,79;0;1;3,69;0,82;2,73;3,42;0,83;0,384;0,384;0,0102;1;8;0,0104;100;
XS2011151839;DEUTSCHE BANK 31/07/2027 ZC;31/07/2027;EUR;DEUTSCHEBANK;Deutsche Bank AG;;;;1000;Senior;25/09/2026;LP;97,2;51000;1;3,46;0,81;2,6;3,24;0,81;0,16;0,16;0;;;0;93,33;
XS2013678086;LITUANIA 19/06/2049 1,625%;19/06/2049;EUR;GOV_LT;Lituania;A;A2;;1000;Senior;25/09/2026;RP;55,22;0;1;4,95;16,65;4,45;4,65;17,23;1,384;1,371;0,01625;1;6;0,0294;97,513;
XS2015227494;BEI 20/06/2029 0,125%;20/06/2029;EUR;SOV_BEI;European Investment Bank;AAA;;;1000;Senior;25/09/2026;LP;91,36;51000;1;3,51;2,63;3,08;3,49;2,63;-0,118;-0,118;0,00125;1;6;0,0014;100;
XS2020595117;WORLD BANK 30/06/2027 ZC MXN;30/06/2027;MXN;SOV_WORLDBANK;World Bank;;;;10000;Senior;25/09/2026;LP;94,461;100000;1;7,89;0,7;7,25;7,37;0,7;4,647;4,647;0;0;;0;58,6;
XS2022424993;INTESA SANPAOLO 04/07/2029 1,75%;04/07/2029;EUR;INTESASP;Intesa Sanpaolo;;;;100000;Senior;25/09/2026;RP;94,51;0;0;3,88;2,61;2,89;3,4;2,63;0,257;0,259;0,0175;1;7;0,0185;99,266;
XS2024715794;DEUTSCHE TELEKOM 05/07/2027 0,5%;05/07/2027;EUR;DEUTSCHETELEKOM;Deutsche Telekom AG;;;;1000;Senior;25/09/2026;RP;97,96571;0;1;3,24;0,74;2,4;3,09;0,74;-0,014;-0,014;0,005;1;7;0,0051;99,353;
XS2027596530;ROMANIA 16/07/2031 2,124%;16/07/2031;EUR;GOV_RO;Romania;BBB-;Baa3;;1000;Senior;25/09/2026;LP;85,82;193000;2;5,57;4,33;4,91;5,28;4,37;1,94;1,942;0,02124;1;7;0,0247;100;
XS2031926731;MPS 23/07/2029 10,5% TIER 2;23/07/2029;EUR;MPS;Monte dei Paschi di Siena;;;;100000;T2;25/09/2026;LP;115,25;100000;1;4,59;2,45;2,12;2,12;2,56;0,958;0,971;0,105;1;7;0,0911;100;
XS2032727310;ITALGAS 24/04/2030 0,875%;24/04/2030;EUR;ITALGAS;Italgas S.p.A.;;;;100000;Senior;25/09/2026;RP;89,66;0;0;4,04;3,38;3,03;3,78;3,4;0,413;0,414;0,00875;1;4;0,0098;98,92;
XS2055728054;BMW FINANCE 24/09/2027 0,375%;24/09/2027;EUR;BMW;Bayerische Motoren Werke AG;;;;1000;Senior;25/09/2026;LP;97,17;16000;2;3,34;0,95;2,48;3,22;0,96;-0,032;-0,032;0,00375;1;9;0,0039;99,131;
XS2055781962;BEI 13/10/2034 0,05%;13/10/2034;EUR;SOV_BEI;European Investment Bank;AAA;;;1000;Senior;25/09/2026;RP;74,73;0;1;3,75;7,73;3,33;3,74;7,73;0,122;0,122;0,0005;1;10;0,0007;99,671;
XS2056491587;GENERALI GREEN BOND 01/10/2030 2,124%;01/10/2030;EUR;GENERALI;Generali;;;;100000;T2;25/09/2026;RP;92,31;0;1;4,25;3,64;3,17;3,67;3,71;0,62;0,622;0,02124;1;10;0,023;100;
XS2065946837;ENI 11/10/2034 1%;11/10/2034;EUR;ENI;Eni;;;;100000;Senior;25/09/2026;RP;77,42;0;0;4,4;7,3;3,34;4,1;7,42;0,769;0,77;0,01;1;10;0,0129;100;
XS2081018629;INTESA SANPAOLO 19/11/2026 1%;19/11/2026;EUR;INTESASP;Intesa Sanpaolo;;;;100000;Senior;25/09/2026;RP;99,72;0;1;3,03;0,14;2,24;2,76;0,14;0,411;0,411;0,01;1;11;0,01;99,698;
XS2102388597;INTESA SANPAOLO 15/01/2030 2,5% GBP;15/01/2030;GBP;INTESASP;Intesa Sanpaolo;;;;100000;Senior;25/09/2026;RP;91,35;0;0;5,47;3;4,08;4,75;3,05;1,838;1,841;0,025;2;1,7;0,0274;99,02;
XS2102495673;BEI 16/01/2030 0,05% ;16/01/2030;EUR;SOV_BEI;European Investment Bank;AAA;;;1000;Senior;25/09/2026;LP;89,34;10000;1;3,53;3,18;3,1;3,52;3,18;-0,1;-0,1;0,0005;1;1;0,0006;99,93;
XS2103014291;E.ON GREEN BOND 29/09/2027 0,375% CALLABLE;29/09/2027;EUR;EON;E.ON SE;;;;1000;Senior;25/09/2026;LP;97,1;4000;1;3,37;0,97;2,5;3,24;0,97;-0,004;-0,004;0,00375;1;9;0,0039;98,916;
XS2104968404;UNICREDIT 20/01/2030 1,8%;20/01/2030;EUR;UNICREDIT;UniCredit S.p.A;;;;250000;Senior;25/09/2026;RP;93,15;0;0;4,05;3,07;3,02;3,55;3,12;0,42;0,423;0,018;1;1;0,0193;99,62;
XS2107315470;ENI 23/01/2030 0,625%;23/01/2030;EUR;ENI;Eni;;;;100000;Senior;25/09/2026;RP;89,72;0;1;3,99;3,15;2,98;3,82;3,17;0,363;0,364;0,00625;1;1;0,007;99,845;
XS2107332640;GOLDMAN SACHS 21/01/2030 0,875%;21/01/2030;EUR;GOLDMAN;Goldman Sachs;;;;1000;Senior;25/09/2026;LP;90,2;63000;1;4,1;3,13;3,07;3,83;3,15;0,467;0,468;0,00875;1;1;0,0097;98,854;
XS2109812508;ROMANIA 28/01/2032 2%;28/01/2032;EUR;GOV_RO;Romania;BBB-;Baa3;;1000;Senior;25/09/2026;LP;83,04;154000;2;5,78;4,73;5,11;5,5;4,78;2,154;2,156;0,02;1;1;0,0241;99,736;
XS2109813142;ROMANIA 28/01/2050 3,375%;28/01/2050;EUR;GOV_RO;Romania;BBB-;Baa3;;1000;Senior;25/09/2026;LP;59,83;1155000;2;6,88;12,85;6,13;6,28;13,75;3,322;3,294;0,03375;1;1;0,0564;99,702;
XS2121237908;MEDIOBANCA 15/07/2027 0,75%;15/07/2027;EUR;MEDIOBANCA;Mediobanca;;;;100000;Senior;25/09/2026;RP;97,95;0;0;3,42;0,77;2,53;3,22;0,77;0,147;0,147;0,0075;1;7;0,0077;100;
XS2152061904;VOLKSWAGEN FINANCIAL SERVICES 06/04/2028 3,375%;06/04/2028;EUR;VOLKSWAGEN;Volkswagen AG;;;;1000;Senior;25/09/2026;RP;99,23;0;1;3,89;1,43;2,89;3,01;1,45;0,369;0,375;0,03375;1;4;0,034;99,463;
XS2154339860;BEI 15/05/2028 0%;15/05/2028;EUR;SOV_BEI;European Investment Bank;AAA;;;1000;Senior;25/09/2026;LP;95,39;10000;2;2,94;1,58;2,58;2,94;1,58;-0,598;-0,598;0;1;5;0;100,397;
XS2161992511;UNGHERIA 28/04/2032 1,625%;28/04/2032;EUR;GOV_HU;Ungheria;BBB-;Baa2;;1000;Senior;25/09/2026;LP;86,89;2000;1;4,32;5,1;3,81;4,08;5,14;0,689;0,691;0,01625;1;4;0,0187;97,757;
XS2168048564;BEI 17/06/2027 0%;17/06/2027;EUR;SOV_BEI;European Investment Bank;AAA;;;1000;Senior;25/09/2026;LP;98,077;4000;2;2,75;0,7;2,41;2,75;0,7;-0,459;-0,459;0;1;6;0;100,93;
XS2176785447;ENI 18/05/2031 2%;18/05/2031;EUR;ENI;Eni;;;;100000;Senior;25/09/2026;RP;91,48;0;0;4,05;4,26;3,03;3,5;4,33;0,42;0,422;0,02;1;5;0,0219;99,941;
XS2178857954;ROMANIA 26/05/2030 3,624%;26/05/2030;EUR;GOV_RO;Romania;BBB-;Baa3;;1000;Senior;25/09/2026;LP;95,27;600000;2;5,07;3,28;4,44;4,6;3,32;1,435;1,44;0,03624;1;5;0,038;100;
XS2181347183;ESTONIA 10/06/2030 0,125%;10/06/2030;EUR;GOV_EE;Estonia;NR;A1;;1000;Senior;25/09/2026;RP;88,35;0;1;3,54;3,56;3,12;3,52;3,56;-0,088;-0,088;0,00125;1;6;0,0014;98,914;
XS2181689659;UNGHERIA GREEN BOND 05/06/2035 1,75%;05/06/2035;EUR;GOV_HU;Ungheria;BBB-;Baa2;;1000;Senior;25/09/2026;LP;79,76;18000;1;4,63;7,64;4,11;4,37;7,74;0,999;1,001;0,0175;1;6;0,0219;97,332;
XS2189259018;BEI 15/06/2040 0,25%;15/06/2040;EUR;SOV_BEI;European Investment Bank;AAA;;;1000;Senior;25/09/2026;RP;60,38;0;1;4,08;12,87;3,66;4,04;12,91;0,428;0,429;0,0025;1;6;0,0041;99,689;
XS2194790262;BEI GREEN BOND 15/11/2035 0,01%;15/11/2035;EUR;SOV_BEI;European Investment Bank;AAA;;;1000;Senior;25/09/2026;RP;70,94;0;1;3,84;8,79;3,42;3,84;8,79;0,206;0,206;0,0001;1;11;0,0001;99,8;
XS2201851172;ROMANIA 14/02/2031 3% USD;14/02/2031;USD;GOV_RO;Romania;BBB-;Baa3;;2000;Senior;25/09/2026;LP;87,38;74000;1;6,39;3,82;5,62;5,98;3,87;2,753;2,757;0,03;1;2;0,0343;99,593;
XS2201851685;ROMANIA 14/02/2051 4% USD;14/02/2051;USD;GOV_RO;Romania;BBB-;Baa3;;2000;Senior;25/09/2026;LP;62,47;70000;2;7,35;12,21;6,53;6,65;13,19;3,815;3,773;0,04;1;2;0,064;99,996;
XS2209794408;KFW GREEN BOND 15/09/2028 0%;15/09/2028;EUR;KFW;Kreditanstalt für Wiederaufbau;;;;1000;Senior;25/09/2026;LP;93,69;20000;1;3,38;1,9;2,51;3,38;1,9;-0,209;-0,209;0;1;9;0;103,407;
XS2210006339;LITUANIA 28/07/2050 0,5%;28/07/2050;EUR;GOV_LT;Lituania;A;A2;;1000;Senior;25/09/2026;RP;39,71;0;1;4,8;20,41;4,38;4,69;20,7;1,258;1,252;0,005;1;7;0,0126;96,27;
XS2225428809;BEI 09/09/2030 0%;09/09/2030;EUR;SOV_BEI;European Investment Bank;AAA;;;1000;Senior;25/09/2026;LP;87,09;377000;1;3,57;3,81;3,14;3,57;3,81;-0,066;-0,066;0;1;9;0;102,17;
XS2227196404;MEDIOBANCA 08/09/2027 1% GREEN BOND;08/09/2027;EUR;MEDIOBANCA;Mediobanca;;;;100000;Senior;25/09/2026;RP;97,74;0;1;3,48;0,91;2,58;3,2;0,91;0,124;0,124;0,01;1;9;0,0102;99,564;
XS2234571425;BULGARIA 23/09/2030 0,375%;23/09/2030;EUR;GOV_BG;Bulgaria;BBB+;Baa1;;1000;Senior;25/09/2026;LP;87,75;1000;1;3,74;3,82;3,29;3,69;3,82;0,11;0,11;0,00375;1;9;0,0043;99,863;
XS2234571771;BULGARIA 23/09/2050 1,375%;23/09/2050;EUR;GOV_BG;Bulgaria;BBB+;Baa1;;1000;Senior;25/09/2026;LP;50,38;3000;1;4,96;17,89;4,47;4,69;18,47;1,416;1,4;0,01375;1;9;0,0273;97,566;
XS2241390710;INTESA SANPAOLO 13/11/2027 STEP UP 1,2% - 2,25% USD;13/11/2027;USD;INTESASP;Intesa Sanpaolo;;;;2000;Senior;25/09/2026;RP;96,8;0;1;5,21;1,05;3,86;4,62;1,06;1,795;1,797;0,019;;11;0,0196;100;
XS2241390983;INTESA SANPAOLO 13/11/2030 2,10% USD;13/11/2030;USD;INTESASP;Intesa Sanpaolo;;;;2000;Senior;25/09/2026;LP;86,9;36000;1;5,76;3,69;4,32;5,16;3,76;2,124;2,127;0,021;1;11;0,0242;100;
XS2251371022;BEI 28/03/2028 0% ;28/03/2028;EUR;SOV_BEI;European Investment Bank;AAA;;;1000;Senior;25/09/2026;LP;95,24;6000;1;3,32;1,45;2,9;3,32;1,45;-0,201;-0,201;0;1;3;0;103,762;
XS2258400162;ROMANIA 02/12/2040 2,625%;02/12/2040;EUR;GOV_RO;Romania;BBB-;Baa3;;1000;Senior;25/09/2026;LP;62,2;194000;2;6,88;10,22;6,15;6,44;10,59;3,23;3,234;0,02625;1;12;0,0422;99,616;
XS2259191273;UNGHERIA 18/11/2030 0,5%;18/11/2030;EUR;GOV_HU;Ungheria;BBB-;Baa2;;1000;Senior;25/09/2026;LP;86,24;129000;1;4,19;3,92;3,7;4,11;3,93;0,559;0,56;0,005;1;11;0,0058;98,638;
XS2259191430;UNGHERIA 17/11/2050 1,5%;17/11/2050;EUR;GOV_HU;Ungheria;BBB-;Baa2;;1000;Senior;25/09/2026;LP;49,3;53000;1;5,25;17,03;4,74;4,96;17,69;1,717;1,699;0,015;1;11;0,0304;96,358;
XS2262211076;ROMANIA 02/12/2029 1,375%;02/12/2029;EUR;GOV_RO;Romania;BBB-;Baa3;;1000;Senior;25/09/2026;LP;89,77;265000;2;4,93;2,94;4,34;4,74;2,96;1,302;1,304;0,01375;1;12;0,0153;99,221;
XS2280845145;BMW FINANCE 11/01/2033 0,2%;11/01/2033;EUR;BMW;Bayerische Motoren Werke AG;;;;1000;Senior;25/09/2026;RP;79,34;0;1;3,98;6;3,02;3,91;6,01;0,355;0,356;0,002;1;1;0,0025;99,457;
XS2282095970;VOLKSWAGEN LEASING 12/01/2029 0,5%;12/01/2029;EUR;VOLKSWAGEN;Volkswagen AG;;;;1000;Senior;25/09/2026;LP;92,08;84000;1;4,2;2,18;3,13;4,05;2,19;0,594;0,595;0,005;1;1;0,0054;99,439;
XS2283340060;BEI 14/01/2031 0%;14/01/2031;EUR;SOV_BEI;European Investment Bank;AAA;;;1000;Senior;25/09/2026;LP;85,84;128000;1;3,62;4,15;3,19;3,62;4,15;-0,011;-0,011;0;1;1;0;103,527;
XS2289133758;UNICREDIT 19/01/2031 0,85%;19/01/2031;EUR;UNICREDIT;UniCredit S.p.A;;;;100000;Senior;25/09/2026;RP;87,24;0;1;4,14;4,05;3,11;3,9;4,08;0,513;0,514;0,0085;1;1;0,0097;99,885;
XS2289795465;NEW LAT FOOD 19/02/2027 2,635% CALLABLE;19/02/2027;EUR;NEWLATFOOD;New Lat Food S.p.A.;;;;1000;Senior;25/09/2026;LP;99,15;83000;2;4,83;0,37;3,57;4,15;0,38;1,977;1,977;0,02625;1;2;0,0265;100;
XS2290963466;BEI 27/01/2051 0,05%;27/01/2051;EUR;SOV_BEI;European Investment Bank;AAA;;;1000;Senior;25/09/2026;RP;39,85;0;1;3,94;23,13;3,6;3,92;23,17;0,405;0,404;0,0005;1;1;0,0013;98,817;
XS2294835017;INTESA SANPAOLO 08/02/2029 1,9% USD;08/02/2029;USD;INTESASP;Intesa Sanpaolo;;;;2000;Senior;25/09/2026;RP;92,9;0;1;5,17;2,19;3,84;4,65;2,22;1,552;1,556;0,019;1;2;0,0205;100;
XS2294840363;INTESA SANPAOLO 08/02/2031 1,4% GBP;08/02/2031;GBP;INTESASP;Intesa Sanpaolo;;;;1000;Senior;25/09/2026;RP;84,26;0;1;5,56;3,99;4,18;5,16;4,04;1,928;1,93;0,014;1;2;0,0166;100;
XS2303107937;INTESA SANPAOLO 23/03/2028 0,35%;23/03/2028;EUR;INTESASP;Intesa Sanpaolo;;;;100000;Senior;25/09/2026;RP;94,85;0;0;4;1,42;2,96;3,9;1,42;0,484;0,484;0,0035;1;3;0,0037;100;
XS2304664597;INTESA SANPAOLO 24/02/2031 1,35%;24/02/2031;EUR;INTESASP;Intesa Sanpaolo;;;;250000;Senior;25/09/2026;LP;88,79;250000;1;4,19;4,09;3,14;3,81;4,14;0,555;0,557;0,0135;1;2;0,0152;99,926;
XS2308323661;BEI 17/03/2036 0,2%;17/03/2036;EUR;SOV_BEI;European Investment Bank;AAA;;;1000;Senior;25/09/2026;RP;71,41;0;1;3,86;9,01;3,44;3,83;9,02;0,22;0,22;0,002;1;3;0,0028;99,823;
XS2312756062;INTESA SANPAOLO 11/03/2036 2,625% GBP;11/03/2036;GBP;INTESASP;Intesa Sanpaolo;;;;100000;Senior;25/09/2026;RP;74,8;0;0;6,23;7,68;4,75;5,42;8,03;2,585;2,589;0,02625;1;3;0,0351;100;
XS2314675997;BEI GREEN BOND 15/11/2030 0,01%;15/11/2030;EUR;SOV_BEI;European Investment Bank;AAA;;;1000;Senior;25/09/2026;LP;87,2;22000;1;3,38;3,99;2,98;3,38;3,99;-0,248;-0,248;0,0001;1;11;0,0001;101,391;
XS2317069685;INTESA SANPAOLO GREEN BOND 16/03/2028 0,75%;16/03/2028;EUR;INTESASP;Intesa Sanpaolo;;;;100000;Senior;25/09/2026;LP;95,96;100000;1;3,63;1,4;2,69;3,43;1,41;0,124;0,125;0,0075;1;3;0,0078;99,952;
XS2322452553;INTESA SANPAOLO 29/03/2031 2,70% USD;29/03/2031;USD;INTESASP;Intesa Sanpaolo;;;;2000;Senior;25/09/2026;RP;90,64;0;1;5,08;4,02;3,79;4,33;4,11;1,444;1,447;0,027;1;3;0,0298;100;
XS2322452637;INTESA SANPAOLO 29/03/2028 2,25% AUD;29/03/2028;AUD;INTESASP;Intesa Sanpaolo;;;;2000;Senior;25/09/2026;RP;94,18;0;1;6,43;1,39;4,78;5,82;1,4;2,915;2,919;0,0225;1;3;0,0239;100;
XS2330503694;ROMANIA 14/04/2033 2%;14/04/2033;EUR;GOV_RO;Romania;BBB-;Baa3;;1000;Senior;25/09/2026;LP;78,62;93000;2;6,05;5,73;5,36;5,76;5,8;2,427;2,428;0,02;1;4;0,0254;98,907;
XS2330514899;ROMANIA 14/04/2041 2,75%;14/04/2041;EUR;GOV_RO;Romania;BBB-;Baa3;;1000;Senior;25/09/2026;LP;62,5;34000;2;6,92;10,47;6,18;6,46;10,85;3,267;3,271;0,0275;1;4;0,044;99,651;
XS2332590475;NEXI 30/04/2029 2,125% CALLABLE;30/04/2029;EUR;NEXI;Nexi SpA;;;;100000;Senior;25/09/2026;RP;95,1;0;1;4,19;2,4;3,11;3,61;2,44;0,568;0,572;0,02125;2;4,10;0,0223;100;
XS2338004497;BEI GREEN BOND 17/02/2027 1,25% NOK;17/02/2027;NOK;SOV_BEI;European Investment Bank;AAA;;;10000;Senior;25/09/2026;RP;98,786;0;1;4,47;0,37;3,91;4,31;0,37;1,631;1,631;0,0125;1;2;0,0127;99,52;
XS2343538372;BEI 28/09/2028 0%;28/09/2028;EUR;SOV_BEI;European Investment Bank;AAA;;;1000;Senior;25/09/2026;LP;94,79;290000;2;2,71;1,95;2,38;2,71;1,95;-0,874;-0,874;0;1;9;0;101,119;
XS2343822503;VOLKSWAGEN LEASING 19/07/2029 0,625%;19/07/2029;EUR;VOLKSWAGEN;Volkswagen AG;;;;1000;Senior;25/09/2026;LP;91,17;15000;1;4,02;2,68;3;3,83;2,69;0,392;0,393;0,00625;1;7;0,0069;99,249;
XS2350601162;INTESA SANPAOLO 08/07/2028 0,60%;08/07/2028;EUR;INTESASP;Intesa Sanpaolo;;;;100000;Senior;25/09/2026;RP;94,22;0;0;4,04;1,7;3;3,88;1,7;0,474;0,475;0,006;1;7;0,0064;100;
XS2364199757;ROMANIA 13/07/2030 1,75%;13/07/2030;EUR;GOV_RO;Romania;BBB-;Baa3;;1000;Senior;25/09/2026;LP;88,3;187000;2;5,23;3,49;4,6;5;3,51;1,601;1,603;0,0175;1;7;0,0198;99,95;
XS2364200514;ROMANIA 13/04/2042 2,875%;13/04/2042;EUR;GOV_RO;Romania;BBB-;Baa3;;1000;Senior;25/09/2026;LP;62,3;91000;2;6,9;10,85;6,17;6,41;11,28;3,258;3,261;0,02875;1;4;0,0461;98,218;
XS2373172548;INTESA SANPAOLO 10/09/2028 0,24%;10/09/2028;EUR;INTESASP;Intesa Sanpaolo;;;;100000;Senior;25/09/2026;RP;92,91;0;0;4,1;1,87;3,05;4,03;1,87;0,513;0,514;0,0024;1;9;0,0026;100;
XS2374594823;VOLKSWAGEN 12/02/2030 0,375%;12/02/2030;EUR;VOLKSWAGEN;Volkswagen AG;;;;1000;Senior;25/09/2026;RP;87,58;0;1;4,42;3,21;3,31;4,29;3,22;0,787;0,788;0,00375;1;2;0,0043;99,045;
XS2386583145;UNGHERIA 21/09/2028 0,125%;21/09/2028;EUR;GOV_HU;Ungheria;BBB-;Baa2;;100000;Senior;25/09/2026;RP;92,99;0;0;3,87;1,9;3,4;3,84;1,9;0,285;0,285;0,00125;1;9;0,0013;98,611;
XS2388426541;INTESA SANPAOLO 20/10/2031 STEP DOWN 1% - 0,5%;20/10/2031;EUR;INTESASP;Intesa Sanpaolo;;;;100000;Senior;25/09/2026;RP;81,98;0;0;4,57;4,75;3,45;4,42;4,78;0,939;0,94;0,005;1;10;0,0061;100;
XS2388495942;BEI 22/12/2026 0%;22/12/2026;EUR;SOV_BEI;European Investment Bank;AAA;;;1000;Senior;25/09/2026;LP;99,43;200000;2;2,51;0,22;2,2;2,51;0,22;-0,1;-0,1;0;1;12;0;102,245;
XS2395954998;INTESA SANPAOLO 14/10/2031 2,50% USD;14/10/2031;USD;INTESASP;Intesa Sanpaolo;;;;2000;Senior;25/09/2026;LP;86;4000;1;5,78;4,39;4,34;5,07;4,52;2,147;2,149;0,025;1;10;0,0291;100;
XS2398707914;GOLDMAN SACHS 05/04/2032 3% CALLABLE;05/04/2032;EUR;GOLDMAN;Goldman Sachs;;;;1000;Senior;25/09/2026;LP;93,23;20000;1;4,41;4,86;3,28;3,59;5,01;0,777;0,78;0,03;1;4;0,0322;100;
XS2407748016;INTESA SANPAOLO 18/11/2028 2,30% USD;18/11/2028;USD;INTESASP;Intesa Sanpaolo;;;;2000;Senior;25/09/2026;LP;94,21;10000;1;5,23;1,96;3,89;4,61;1,99;1,629;1,633;0,023;1;11;0,0244;100;
XS2408944242;EBRD 23/11/2026 14,2% TRY;23/11/2026;TRY;SOV_EBRD;European Bank for Reconstruction and Development;AAA;;;1000;Senior;25/09/2026;LP;96,849;745000;1;39,87;0,11;34,91;38,02;0,11;37,26;37,26;0,142;2;5,11;0,1466;91;
XS2412566262;INTESA SANPAOLO 29/12/2031 STEP DOWN 1% - 0,5%;29/12/2031;EUR;INTESASP;Intesa Sanpaolo;;;;100000;Senior;25/09/2026;RP;82,02;0;0;4,67;4,87;3,52;4,46;4,92;1,038;1,039;0,01;;12;0,0122;100;
XS2419364653;BEI 15/11/2027 0%;15/11/2027;EUR;SOV_BEI;European Investment Bank;AAA;;;1000;Senior;25/09/2026;LP;96,81;187000;2;2,91;1,1;2,55;2,91;1,1;-0,505;-0,505;0;1;11;0;101,484;
XS2428063874;INTESA SANPAOLO 22/03/2027 1,19%;22/03/2027;EUR;INTESASP;Intesa Sanpaolo;;;;100000;Senior;25/09/2026;RP;99,04;0;0;3,24;0,46;2,4;2,93;0,46;0,255;0,255;0,0119;1;3;0,012;100;
XS2433136194;ISRAELE 18/01/2032 0,625%;18/01/2032;EUR;GOV_IL;Israele;A;Baa1;;1000;Senior;25/09/2026;RP;82,23;0;1;4,46;4,98;3,94;4,37;4,99;0,83;0,831;0,00625;1;1;0,0076;99,374;
XS2433141947;UNICREDIT 18/01/2032 1,625%;18/01/2032;EUR;UNICREDIT;UniCredit S.p.A;;;;100000;Senior;25/09/2026;RP;88,03;0;0;4,19;4,85;3,14;3,73;4,93;0,557;0,559;0,01625;1;1;0,0185;100;
XS2433363509;BEI 20/01/2032 0,25%;20/01/2032;EUR;SOV_BEI;European Investment Bank;AAA;;;1000;Senior;25/09/2026;RP;83,57;0;1;3,72;5,08;3,28;3,68;5,09;0,087;0,087;0,0025;1;1;0,003;100;
XS2434393968;CIPRO 20/01/2032 0,95% ;20/01/2032;EUR;GOV_CY;Cipro;A-;A3;;1000;Senior;25/09/2026;RP;92,88;0;0;2,39;5,04;2,1;2,26;5,07;-1,236;-1,235;0,0095;1;1;0,0102;99,583;
XS2434895558;ROMANIA 07/03/2028 2,125%;07/03/2028;EUR;GOV_RO;Romania;BBB-;Baa3;;1000;Senior;25/09/2026;LP;97,45;121000;2;3,97;1,36;3,48;3,7;1,37;0,47;0,474;0,02125;1;3;0,0218;99,942;
XS2434895806;ROMANIA 07/02/2034 3,75%;07/02/2034;EUR;GOV_RO;Romania;BBB-;Baa3;;1000;Senior;25/09/2026;LP;85,35;144000;2;6,29;5,94;5,55;5,78;6,08;2,668;2,67;0,0375;1;2;0,0439;99,724;
XS2434895988;ROMANIA 27/02/2027 3% USD;27/02/2027;USD;GOV_RO;Romania;BBB-;Baa3;;2000;Senior;25/09/2026;LP;99;6000;1;5,53;0,39;4,83;5,13;0,39;2,636;2,636;0,03;2;2,8;0,0303;99,391;
XS2434896010;ROMANIA 27/03/2032 2,625% USD;27/03/2032;USD;GOV_RO;Romania;BBB-;Baa3;;2000;Senior;25/09/2026;LP;86,93;24000;1;6,6;4,68;5,81;6,09;4,76;2,969;2,972;0,03625;2;3,9;0,0417;99,37;
XS2438616240;VOLKSWAGEN FINANCIAL SERVICES 31/01/2028 0,875%;31/01/2028;EUR;VOLKSWAGEN;Volkswagen AG;;;;1000;Senior;25/09/2026;LP;96,28;20000;1;3,77;1,28;2,8;3,52;1,29;0,293;0,295;0,00875;1;1;0,0091;99,594;
XS2439543047;BEI GREEN BOND 15/11/2029 0,05%;15/11/2029;EUR;SOV_BEI;European Investment Bank;AAA;;;1000;Senior;25/09/2026;LP;89,79;166000;1;3,56;3,02;3,13;3,55;3,02;-0,074;-0,074;0,0005;1;11;0,0006;99,899;
XS2444704758;INTESA SANPAOLO 21/02/2027 2,80% USD;21/02/2027;USD;INTESASP;Intesa Sanpaolo;;;;2000;Senior;25/09/2026;LP;99,24;6000;1;4,74;0,38;3,51;4,01;0,38;1,875;1,875;0,028;1;2;0,0282;100;
XS2444707850;INTESA SANPAOLO 21/02/2030 STEP UP 2% - 4,4% USD;21/02/2030;USD;INTESASP;Intesa Sanpaolo;;;;2000;Senior;25/09/2026;RP;95,79;0;1;5,44;3,02;4,04;4,36;3,1;1,804;1,81;0,036;;2;0,0376;100;
XS2445142867;INTESA SANPAOLO 21/02/2028 1,05% CHF;21/02/2028;CHF;INTESASP;Intesa Sanpaolo;;;;2000;Senior;25/09/2026;LP;100,2;8000;1;0,9;1,37;0,63;0,63;1,38;-2,588;-2,586;0,0105;1;2;0,0105;100;
XS2446841657;BEI 15/09/2027 0,375%;15/09/2027;EUR;SOV_BEI;European Investment Bank;AAA;;;1000;Senior;25/09/2026;LP;97,549;140000;2;3;0,93;2,62;2,94;0,93;-0,363;-0,363;0,00375;1;9;0,0038;99,535;
XS2447564332;BMW FINANCE 22/05/2028 1%;22/05/2028;EUR;BMW;Bayerische Motoren Werke AG;;;;1000;Senior;25/09/2026;LP;95,84;15000;1;3,65;1,58;2,71;3,37;1,58;0,101;0,102;0,01;1;5;0,0104;99,694;
XS2447602793;POLONIA 25/05/2032 2,75%;25/05/2032;EUR;GOV_PL;Polonia;A-;A2;;1000;Senior;25/09/2026;RP;93,2;0;1;4,12;5,04;3,62;3,75;5,1;0,493;0,495;0,0275;1;5;0,0295;99,14;
XS2455938212;ALERION GREEN BOND 17/05/2028 3,5% CALLABLE;17/05/2028;EUR;ALERION;Alerion Clean Power S.p.A.;;;;1000;Senior;25/09/2026;LP;99,34;127000;1;3,91;1,54;2,9;3;1,56;0,368;0,373;0,035;1;5;0,0352;100;
XS2459026204;INTESA SANPAOLO 27/04/2027 1,45%;27/04/2027;EUR;INTESASP;Intesa Sanpaolo;;;;100000;Senior;25/09/2026;RP;98,87;0;0;3,46;0,56;2,56;3,08;0,56;0,368;0,368;0,0145;1;4;0,0147;100;
XS2482615957;INTESA SANPAOLO 25/05/2029 4,5% USD;25/05/2029;USD;INTESASP;Intesa Sanpaolo;;;;2000;Senior;25/09/2026;LP;100,19;52000;1;4,41;2,42;3,25;3,25;2,48;0,79;0,797;0,045;1;5;0,0449;100;
XS2484093393;BEI GREEN BOND 15/06/2032 1,5%;15/06/2032;EUR;SOV_BEI;European Investment Bank;AAA;;;1000;Senior;25/09/2026;RP;89,07;0;1;3,65;5,28;3,22;3,45;5,32;0,028;0,029;0,015;1;6;0,0168;99,629;
XS2485248806;ROMANIA 25/11/2027 5,25% USD;25/11/2027;USD;GOV_RO;Romania;BBB-;Baa3;;2000;Senior;25/09/2026;LP;99,77;62000;1;5,52;1,06;4,83;4,85;1,07;2,096;2,103;0,0525;2;5,11;0,0526;99,764;
XS2485249523;ROMANIA 25/05/2034 6% USD;25/05/2034;USD;GOV_RO;Romania;BBB-;Baa3;;2000;Senior;25/09/2026;LP;94,84;44000;1;7;5,67;6,13;6,2;5,88;3,37;3,374;0,06;2;5,11;0,0633;99,839;
XS2486825826;INTESA SANPAOLO 16/06/2027 2,35%;16/06/2027;EUR;INTESASP;Intesa Sanpaolo;;;;100000;Senior;25/09/2026;RP;99,2;0;0;3,49;0,69;2,59;2,88;0,69;0,285;0,285;0,0235;1;6;0,0237;100;
XS2487342649;LITUANIA 01/06/2032 2,125%;01/06/2032;EUR;GOV_LT;Lituania;A;A2;;1000;Senior;25/09/2026;RP;90,23;0;1;4,09;5,14;3,6;3,79;5,19;0,46;0,462;0,02125;1;6;0,0236;98,698;
XS2499011059;UNICREDITO 27/07/2027 3,25%;27/07/2027;EUR;UNICREDIT;UniCredit S.p.A;;;;10000;Senior;25/09/2026;LP;99,84;300000;2;3,44;0,8;2,55;2,6;0,8;0,15;0,15;0,0325;1;7;0,0326;100;
XS2502390250;UNICREDITO 27/07/2027 3,05%;27/07/2027;EUR;UNICREDIT;UniCredit S.p.A;;;;10000;Senior;25/09/2026;LP;99,57;190000;1;3,58;0,8;2,65;2,79;0,8;0,289;0,289;0,0305;1;7;0,0306;100;
XS2508243941;UNICREDIT 24/08/2027 3,05%;24/08/2027;EUR;UNICREDIT;UniCredit S.p.A;;;;10000;Senior;25/09/2026;LP;99,46;30000;1;3,66;0,87;2,71;2,87;0,88;0,33;0,33;0,0305;1;8;0,0307;100;
XS2526828996;E.ON 26/08/2028 2,875% CALLABLE;26/08/2028;EUR;EON;E.ON SE;;;;1000;Senior;25/09/2026;RP;98,84;0;1;3,51;1,82;2,6;2,76;1,84;-0,071;-0,068;0,02875;1;8;0,0291;100;
XS2529233814;INTESA SANPAOLO GREEN 06/09/2027 4,75%;06/09/2027;EUR;INTESASP;Intesa Sanpaolo;;;;150000;Senior;25/09/2026;RP;101,21;0;1;3,41;0,91;2,19;2,19;0,92;0,06;0,06;0,0475;1;9;0,0469;100;
XS2532370231;ESTONIA 12/10/2032 4%;12/10/2032;EUR;GOV_EE;Estonia;NR;A1;;1000;Senior;25/09/2026;RP;100,46;0;0;3,91;5,08;3,41;3,41;5,19;0,287;0,289;0,04;1;10;0,0398;99,814;
XS2532681074;FERROVIE DELLO STATO GREEN BOND 14/04/2027 3,75%;14/04/2027;EUR;FS;Ferrovie dello stato S.p.A.;;;;100000;Senior;25/09/2026;RP;100,25;0;1;3,25;0,52;2,27;2,27;0,53;0,193;0,193;0,0375;1;4;0,0374;99,616;
XS2533094400;MEDIOBANCA 21/10/2026 3,4%;21/10/2026;EUR;MEDIOBANCA;Mediobanca;;;;1000;Senior;25/09/2026;LP;99,96;110000;2;4,01;0,06;2,98;3,15;0,06;1,398;1,398;0,034;1;10;0,034;100;
XS2535352962;BEI 15/03/2030 2,25%;15/03/2030;EUR;SOV_BEI;European Investment Bank;AAA;;;1000;Senior;25/09/2026;LP;95,93;93000;1;3,52;3,21;3,09;3,22;3,24;-0,113;-0,11;0,0225;1;3;0,0235;99,294;
XS2536817211;BULGARIA 23/09/2029 4,125%;23/09/2029;EUR;GOV_BG;Bulgaria;BBB+;Baa1;;1000;Senior;25/09/2026;LP;101,18;90000;1;3,7;2,76;3,17;3,17;2,79;0,071;0,075;0,04125;1;9;0,0408;98,69;
XS2536817484;BULGARIA 23/09/2034 4,625%;23/09/2034;EUR;GOV_BG;Bulgaria;BBB+;Baa1;;1000;Senior;25/09/2026;LP;101,63;82000;1;4,38;6,57;3,79;3,79;6,73;0,751;0,753;0,04625;1;9;0,0455;98,227;
XS2538441598;ROMANIA 27/09/2029 6,625%;27/09/2029;EUR;GOV_RO;Romania;BBB-;Baa3;;1000;Senior;25/09/2026;LP;105,15;41000;2;4,74;2,69;3,93;3,93;2,73;1,11;1,117;0,06625;1;9;0,063;99,602;
XS2541433590;UNICREDIT 26/04/2027 4,15%;26/04/2027;EUR;UNICREDIT;UniCredit S.p.A;;;;10000;Senior;25/09/2026;LP;100,42;120000;2;3,38;0,55;2,32;2,32;0,56;0,298;0,298;0,0415;1;4;0,0413;100;
XS2545759099;INTESASANPAOLO SOCIAL BOND 13/01/2030 5,25%;13/01/2030;EUR;INTESASP;Intesa Sanpaolo;;;;100000;Senior;25/09/2026;RP;103,57;0;1;4,06;2,89;2,71;2,71;3;0,431;0,44;0,0525;1;1;0,0507;99,285;
XS2552850096;GOLDMAN SACHS 22/01/2034 STEP DOWN 8% - 1% Callable;22/01/2034;EUR;GOLDMAN;Goldman Sachs;;;;1000;Senior;25/09/2026;LP;86,69;25000;1;4,9;6,02;3,66;4,12;6,3;1,271;1,274;0,045;0;1;0,0519;100;
XS2558594391;UNGHERIA GREEN BOND 22/02/2027 5%;22/02/2027;EUR;GOV_HU;Ungheria;BBB-;Baa2;;1000;Senior;25/09/2026;RP;100,725;0;1;3,1;0,39;2,47;2,47;0,39;0,236;0,236;0,05;1;2;0,0496;98,774;
XS2567573899;GOLDMAN SACHS 20/07/2036 6,2% Cumulative callable;20/07/2036;EUR;GOLDMAN;Goldman Sachs;;;;1000;Senior;25/09/2026;LP;93;10000;1;4,92;9,35;3,98;4,1;9,43;1,268;1,268;0,062;0;;0,0667;100;
XS2569287795;BANCA IFIS 22/12/2026 5,875%;22/12/2026;EUR;BANCAIFIS;Banca IFIS S.p.A.;;;;100000;Senior;25/09/2026;RP;100,58;0;0;3,23;0,22;1,75;1,75;0,23;0,617;0,617;0,05875;1;12;0,0584;99,678;
XS2571922884;ROMANIA 17/02/2028 6,625% USD;17/02/2028;USD;GOV_RO;Romania;BBB-;Baa3;;2000;Senior;25/09/2026;RP;100,86;0;1;6,04;1,26;5,19;5,19;1,28;2,547;2,556;0,06625;2;2,8;0,0657;99,607;
XS2571923007;ROMANIA 17/01/2033 7,125% USD;17/01/2033;USD;GOV_RO;Romania;BBB-;Baa3;;2000;Senior;25/09/2026;LP;102,76;6000;1;6,69;4,81;5,78;5,78;4,97;3,061;3,065;0,07125;2;1,7;0,0693;99,332;
XS2571924070;ROMANIA 17/01/2053 7,625% USD;17/01/2053;USD;GOV_RO;Romania;BBB-;Baa3;;2000;Senior;25/09/2026;LP;101,59;126000;2;7,62;10,82;6,65;6,65;11,88;4,132;4,05;0,07625;2;1,7;0,0751;99,463;
XS2574388646;BEI 12/01/2033 2,88%;12/01/2033;EUR;SOV_BEI;European Investment Bank;AAA;;;1000;Senior;25/09/2026;LP;95,4;50000;1;3,71;5,5;3,26;3,33;5,59;0,087;0,09;0,0288;1;1;0,0302;99,052;
XS2574873183;E.ON GREEN BOND 12/01/2035 3,875% CALLABLE;12/01/2035;EUR;EON;E.ON SE;;;;1000;Senior;25/09/2026;RP;96,03;0;1;4,46;6,72;3,31;3,41;7,08;0,826;0,829;0,03875;1;1;0,0404;99,285;
XS2574873266;E.ON 12/01/2028 3,5% CALLABLE;12/01/2028;EUR;EON;E.ON SE;;;;1000;Senior;25/09/2026;RP;100,02;0;1;3,47;1,21;2,54;2,54;1,23;0,009;0,015;0,035;1;1;0,035;99,294;
XS2577518488;BANCA IFIS 19/01/2027 6,125%;19/01/2027;EUR;BANCAIFIS;Banca IFIS S.p.A.;;;;100000;Senior;25/09/2026;LP;100,49;100000;1;4,39;0,29;2,84;2,84;0,3;1,69;1,69;0,06125;1;1;0,061;99,569;
XS2577572188;BANCO BPM GREEN BOND 18/01/2027 4,875%;18/01/2027;EUR;BANCOBPM;Banco BPM;;;;100000;Senior;25/09/2026;RP;100,52;0;1;3,08;0,3;1,83;1,83;0,3;0,384;0,384;0,04875;1;1;0,0485;99,613;
XS2579191532;UNICREDIT 23/02/2027 4,1%;23/02/2027;EUR;UNICREDIT;UniCredit S.p.A;;;;150000;Senior;25/09/2026;RP;100,71;0;1;2,28;0,39;1,24;1,24;0,4;-0,59;-0,59;0,041;1;2;0,0407;100;
XS2579483319;BULGARIA 27/01/2033 4,5%;27/01/2033;EUR;GOV_BG;Bulgaria;BBB+;Baa1;;1000;Senior;25/09/2026;RP;101,52;0;1;4,22;5,27;3,64;3,64;5,39;0,593;0,596;0,045;1;1;0,0443;97,815;
XS2582098187;MEDIOBANCA 15/02/2028 TV - TF 3,7%;15/02/2028;EUR;MEDIOBANCA;Mediobanca;;;;1000;Senior;25/09/2026;RP;99,35;0;1;4,18;1,29;3,1;3,22;1,31;0,692;0,698;0,037;1;2;0,0372;100;
XS2586944147;POLONIA 14/02/2043 4,25%;14/02/2043;EUR;GOV_PL;Polonia;A-;A2;;1000;Senior;25/09/2026;LP;93,7;176000;2;4,81;11,11;4,22;4,26;11,62;1,175;1,176;0,0425;1;2;0,0454;99,708;
XS2586944659;POLONIA 14/02/2033 3,875%;14/02/2033;EUR;GOV_PL;Polonia;A-;A2;;1000;Senior;25/09/2026;LP;98,74;44000;1;4,1;5,41;3,59;3,61;5,52;0,476;0,479;0,03875;1;2;0,0392;99,431;
XS2587298204;BEI 28/07/2028 2,75%;28/07/2028;EUR;SOV_BEI;European Investment Bank;AAA;;;1000;Senior;25/09/2026;LP;98,95;304000;2;3,35;1,74;2,93;2,99;1,75;-0,227;-0,223;0,0275;1;7;0,0278;99,561;
XS2593770485;BARCLAYS BANK 20/09/2038 6,5% Cumulative callable;20/09/2038;EUR;BARCLAYS;Barclays;;;;1000;Senior;25/09/2026;LP;96,21;8000;1;4,55;11,46;3,7;3,75;11,55;0,905;0,905;0,065;0;;0,0676;100;
XS2610236445;CIPRO 13/04/2033 4,125%;13/04/2033;EUR;GOV_CY;Cipro;A-;A3;;1000;Senior;25/09/2026;RP;102,31;0;0;3,72;5,56;3,2;3,2;5,67;0,093;0,096;0,04125;1;4;0,0403;99,246;
XS2623496085;FORD 15/05/2028 6,125%;15/05/2028;EUR;FORD;Ford Motor Company;;;;100000;Senior;25/09/2026;RP;102,87;0;0;4,24;1,51;2,69;2,69;1,54;0,693;0,702;0,06125;1;5;0,0595;100;
XS2625196352;INTESA SANPAOLO GREEN 19/05/2030 4,875%;19/05/2030;EUR;INTESASP;Intesa Sanpaolo;;;;100000;Senior;25/09/2026;RP;102,44;0;0;4,13;3,24;2,89;2,89;3,34;0,499;0,506;0,04875;1;5;0,0476;100;
XS2625968347;BMW FINANCE 22/07/2030 3,25%;22/07/2030;EUR;BMW;Bayerische Motoren Werke AG;;;;1000;Senior;25/09/2026;RP;97,65;0;1;3,92;3,49;2,91;3,05;3,56;0,291;0,294;0,0325;1;7;0,0333;99,329;
XS2625968693;BMW FINANCE 22/11/2026 3,25%;22/11/2026;EUR;BMW;Bayerische Motoren Werke AG;;;;1000;Senior;25/09/2026;RP;100,03;0;1;3;0,14;2,18;2,18;0,14;0,387;0,387;0,0325;1;11;0,0325;99,996;
XS2625968776;BMW FINANCE 22/05/2035 3,625%;22/05/2035;EUR;BMW;Bayerische Motoren Werke AG;;;;1000;Senior;25/09/2026;RP;93,6;0;1;4,53;7,11;3,38;3,55;7,46;0,9;0,903;0,03625;1;5;0,0387;99,923;
XS2626024868;BEI 30/07/2030 2,75%;30/07/2030;EUR;SOV_BEI;European Investment Bank;AAA;;;1000;Senior;25/09/2026;LP;97,09;38000;1;3,57;3,55;3,13;3,21;3,58;-0,058;-0,055;0,0275;1;7;0,0283;99,211;
XS2627121259;FERROVIE DELLO STATO GREEN 23/05/2029 4,125%;23/05/2029;EUR;FS;Ferrovie dello stato S.p.A.;;;;100000;Senior;25/09/2026;RP;101;0;1;3,71;2,44;2,63;2,63;2,49;0,092;0,098;0,04125;1;5;0,0408;99,454;
XS2641794081;ALPERIA GREEN BOND 05/07/2028 5,701% CALLABLE;05/07/2028;EUR;ALPERIA;Alperia S.p.A.;;;;100000;Senior;25/09/2026;RP;102,41;0;0;4,24;1,64;2,79;2,79;1,68;0,673;0,681;0,05701;1;7;0,0557;100;
XS2647979181;BEI 15/07/2033 3%;15/07/2033;EUR;SOV_BEI;European Investment Bank;AAA;;;1000;Senior;25/09/2026;LP;96,79;68000;1;3,54;5,99;3,1;3,15;6,08;-0,085;-0,084;0,03;1;7;0,031;99,04;
XS2665176298;MEDIOBANCA 25/09/2028 4%;25/09/2028;EUR;MEDIOBANCA;Mediobanca;;;;1000;Senior;25/09/2026;LP;99,47;195000;2;4,28;1,87;3,17;3,24;1,9;0,692;0,696;0,04;1;9;0,0402;100;
XS2666415836;MEDIOBANCA 29/09/2028 3,65%;29/09/2028;EUR;MEDIOBANCA;Mediobanca;;;;1000;Senior;25/09/2026;LP;99,6;275000;2;3,86;1,89;2,86;2,91;1,92;0,271;0,274;0,0365;1;9;0,0366;100;
XS2673536541;E.ON GREEN BOND 01/03/2029 3,75% CALLABLE;01/03/2029;EUR;EON;E.ON SE;;;;1000;Senior;25/09/2026;RP;100,15;0;1;3,68;2,23;2,69;2,69;2,28;0,063;0,07;0,0375;1;3;0,0374;99,651;
XS2680932907;UNGHERIA 12/09/2033 5,375%;12/09/2033;EUR;GOV_HU;Ungheria;BBB-;Baa2;;1000;Senior;25/09/2026;LP;104,49;39000;1;4,6;5,73;3,94;3,94;5,87;0,981;0,983;0,05375;1;9;0,0514;98,893;
XS2689948078;ROMANIA 18/09/2033 6,375%;18/09/2033;EUR;GOV_RO;Romania;BBB-;Baa3;;1000;Senior;25/09/2026;LP;101,11;611000;2;6,17;5,5;5,38;5,38;5,66;2,548;2,55;0,06375;1;9;0,0631;99,194;
XS2689949399;ROMANIA 18/09/2028 5,5%;18/09/2028;EUR;GOV_RO;Romania;BBB-;Baa3;;1000;Senior;25/09/2026;LP;102,23;2000;1;4,29;1,84;3,62;3,62;1,86;0,704;0,71;0,055;1;9;0,0538;99,932;
XS2694872594;VOLKSWAGEN LEASING GREEN BOND 25/03/2029 4,625%;25/03/2029;EUR;VOLKSWAGEN;Volkswagen AG;;;;1000;Senior;25/09/2026;RP;100,91;0;1;4,22;2,26;3,01;3,01;2,32;0,604;0,612;0,04625;1;3;0,0458;99,589;
XS2694874533;VOLKSWAGEN GREEN BOND 25/09/2031 4,75%;25/09/2031;EUR;VOLKSWAGEN;Volkswagen AG;;;;1000;Senior;25/09/2026;RP;100,44;0;1;4,65;4,35;3,4;3,4;4,51;1,017;1,02;0,0475;1;9;0,0473;99,175;
XS2698773830;BMW 04/10/2028 3,875%;04/10/2028;EUR;BMW;Bayerische Motoren Werke AG;;;;1000;Senior;25/09/2026;RP;100,07;0;1;3,84;1,83;2,83;2,83;1,88;0,246;0,25;0,03875;1;10;0,0387;99,962;
XS2700605285;BARCLAYS BANK 26/01/2044 6,4% Cumulative callable;26/01/2044;EUR;BARCLAYS;Barclays;;;;1000;Senior;25/09/2026;LP;83,9;5000;1;4,81;16,54;4;4,13;16,65;1,18;1,18;0,064;0;;0,0763;100;
XS2700673440;BARCLAYS 07/02/2039 5,7% CUMULATIVE CALLABLE;07/02/2039;EUR;BARCLAYS;Barclays;;;;1000;Senior;25/09/2026;LP;85,46;53000;1;5,08;11,77;4,14;4,34;11,85;1,431;1,431;0,057;0;;0,0667;100;
XS2701724663;MEDIOBANCA 17/11/2027 4%;17/11/2027;EUR;MEDIOBANCA;Mediobanca;;;;1000;Senior;25/09/2026;LP;99,89;61000;1;4,09;1,05;3,03;3,06;1,07;0,672;0,676;0,04;1;11;0,04;100;
XS2708218800;GOLDMAN SACHS 01/03/2037 STEP DOWN 8% - 1,25% Callable;01/03/2037;EUR;GOLDMAN;Goldman Sachs;;;;1000;Senior;25/09/2026;RP;78,76;0;1;4,8;8,14;3,62;4,14;8,62;1,154;1,16;0,08;0;3;0,1016;100;
XS2708221341;GOLDMAN SACHS 19/06/2031 3,15% Cumulative callable;19/06/2031;EUR;GOLDMAN;Goldman Sachs;;;;1000;Senior;25/09/2026;RP;99,25;0;1;2,94;4,59;2,25;2,28;4,62;-0,687;-0,687;0,0315;0;;0,0317;100;
XS2716887760;BULGARIA 13/05/2031 4,375%;13/05/2031;EUR;GOV_BG;Bulgaria;BBB+;Baa1;;1000;Senior;25/09/2026;RP;101,37;0;0;4,04;4,06;3,47;3,47;4,12;0,407;0,412;0,04375;1;5;0,0432;98,175;
XS2716887844;BULGARIA 13/05/2036 4,875%;13/05/2036;EUR;GOV_BG;Bulgaria;BBB+;Baa1;;1000;Senior;25/09/2026;RP;102,65;0;1;4,53;7,46;3,91;3,91;7,69;0,878;0,884;0,04875;1;5;0,0475;97,719;
XS2717294487;ALERION GREEN BOND 12/12/2029 6,75% CALLABLE;12/12/2029;EUR;ALERION;Alerion Clean Power S.p.A.;;;;1000;Senior;25/09/2026;LP;103,59;54000;1;5,58;2,73;3,83;3,83;2,85;1,951;1,961;0,0675;2;6,12;0,0652;100;
XS2722876609;LETTONIA 22/05/2029 3,875%;22/05/2029;EUR;GOV_LV;Lettonia;A;A3;;1000;Senior;25/09/2026;RP;100,58;0;1;3,64;2,44;3,16;3,16;2,47;0,018;0,024;0,03875;1;5;0,0385;99,887;
XS2725942523;MEDIOBANCA 25/01/2029 4%;25/01/2029;EUR;MEDIOBANCA;Mediobanca;;;;1000;Senior;25/09/2026;LP;100,1;80000;1;3,94;2,13;2,91;2,91;2,17;0,335;0,343;0,04;1;1;0,04;100;
XS2726911931;POLONIA 29/11/2030 3,625%;29/11/2030;EUR;GOV_PL;Polonia;A-;A2;;1000;Senior;25/09/2026;LP;99,62;77000;1;3,72;3,69;3,26;3,26;3,75;0,091;0,095;0,03625;1;11;0,0364;99,418;
XS2740429076;ESTONIA 17/01/2034 3,25%;17/01/2034;EUR;GOV_EE;Estonia;NR;A1;;1000;Senior;25/09/2026;RP;94,79;0;1;4,09;6,19;3,59;3,66;6,31;0,463;0,466;0,0325;1;1;0,0343;99,179;
XS2741344613;MEDIOBANCA 31/01/2029 3,3%;31/01/2029;EUR;MEDIOBANCA;Mediobanca;;;;1000;Senior;25/09/2026;LP;98,7;24000;1;3,88;2,16;2,88;3,02;2,2;0,27;0,276;0,033;1;1;0,0334;100;
XS2742975738;BARCLAYS 19/04/2044 6,2% Cumulative callable;19/04/2044;EUR;BARCLAYS;Barclays;;;;1000;Senior;25/09/2026;RP;80,4;0;1;4,97;16,74;4,13;4,29;16,84;1,34;1,34;0,062;0;;0,0771;100;
XS2745344601;VOLKSWAGEN GREEN BOND 11/10/2026 3,625%;11/10/2026;EUR;VOLKSWAGEN;Volkswagen AG;;;;1000;Senior;25/09/2026;RP;100,01;0;1;3,26;0,03;2,32;2,32;0,03;0,644;0,644;0,03625;1;10;0,0362;99,676;
XS2745705637;INTESA SANPAOLO 12/01/2032 STEP DOWN 7% - 4% USD;12/01/2032;USD;INTESASP;Intesa Sanpaolo;;;;2000;Senior;25/09/2026;LP;95,25;116000;1;6,12;4,29;4,51;4,74;4,52;2,487;2,493;0,06;0;1,4,7,10;0,063;100;
XS2745725155;VOLKSWAGEN GREEN BOND 11/10/2028 3,875%;11/10/2028;EUR;VOLKSWAGEN;Volkswagen AG;;;;1000;Senior;25/09/2026;RP;99,63;0;1;4,07;1,85;3,01;3,05;1,89;0,474;0,478;0,03875;1;10;0,0389;99,805;
XS2745726047;VOLKSWAGEN GREEN BOND 11/04/2031 4%;11/04/2031;EUR;VOLKSWAGEN;Volkswagen AG;;;;1000;Senior;25/09/2026;RP;97,81;0;1;4,54;3,98;3,37;3,47;4,11;0,908;0,912;0,04;1;4;0,0409;99,307;
XS2746102479;POLONIA 11/01/2034 3,625%;11/01/2034;EUR;GOV_PL;Polonia;A-;A2;;1000;Senior;25/09/2026;LP;96,9;16000;1;4,12;6,1;3,62;3,66;6,23;0,5;0,502;0,03625;1;1;0,0374;99,251;
XS2746103014;POLONIA 11/01/2044 4,125%;11/01/2044;EUR;GOV_PL;Polonia;A-;A2;;1000;Senior;25/09/2026;LP;91,89;223000;2;4,83;11,53;4,24;4,28;12,08;1,195;1,194;0,04125;1;1;0,0449;99,331;
XS2747600018;E.ON GREEN BOND 15/01/2031 3,375% CALLABLE;15/01/2031;EUR;EON;E.ON SE;;;;1000;Senior;25/09/2026;RP;97,27;0;1;4,08;3,82;3,03;3,17;3,93;0,445;0,449;0,03375;1;1;0,0347;99,449;
XS2747600109;E.ON GREEN BOND 15/01/2036 3,75% CALLABLE;15/01/2036;EUR;EON;E.ON SE;;;;1000;Senior;25/09/2026;RP;94,37;0;1;4,5;7,43;3,35;3,48;7,85;0,861;0,865;0,0375;1;1;0,0397;99,383;
XS2749779067;MEDIOBANCA 21/02/2030 STEP UP 3% - 4%;21/02/2030;EUR;MEDIOBANCA;Mediobanca;;;;1000;Senior;25/09/2026;LP;98,49;48000;1;4,23;3,07;3,13;3,25;3,14;0,595;0,601;0,034;0;2;0,0345;100;
XS2750224201;MEDIOBANCA 16/02/2029 3,1%;16/02/2029;EUR;MEDIOBANCA;Mediobanca;;;;1000;Senior;25/09/2026;LP;98,1;593000;2;3,94;2,21;2,92;3,13;2,25;0,328;0,334;0,031;1;2;0,0316;100;
XS2753429047;UNGHERIA GREEN BOND 25/07/2029 4%;25/07/2029;EUR;GOV_HU;Ungheria;BBB-;Baa2;;1000;Senior;25/09/2026;LP;99,91;113000;1;4,03;2,6;3,5;3,5;2,63;0,403;0,408;0,04;1;7;0,04;98,698;
XS2756521212;ROMANIA 30/01/2029 5,875% USD;30/01/2029;USD;GOV_RO;Romania;BBB-;Baa3;;2000;Senior;25/09/2026;LP;99,24;52000;1;6,32;2,07;5,52;5,55;2,1;2,707;2,717;0,05875;2;1,7;0,0592;99,471;
XS2756521303;ROMANIA 30/01/2034 6,375% USD;30/01/2034;USD;GOV_RO;Romania;BBB-;Baa3;;2000;Senior;25/09/2026;LP;96,9;22000;1;7,04;5,5;6,16;6,19;5,69;3,41;3,413;0,06375;2;1,7;0,0658;99,164;
XS2761989982;BARCLAYS 17/05/2044 10% Cumulative callable USD;17/05/2044;USD;BARCLAYS;Barclays;;;;1000;Senior;25/09/2026;RP;81,53;0;1;6,12;16,63;5,23;5,34;16,75;2,495;2,495;0;0;;0;100;
XS2765024414;WORLD BANK 14/02/2034 2,9%;14/02/2034;EUR;SOV_WORLDBANK;World Bank;;;;1000;Senior;25/09/2026;RP;94,59;0;1;3,75;6,37;3,29;3,37;6,48;0,127;0,129;0,029;1;2;0,0307;99,726;
XS2765498717;LITUANIA 13/02/2034 3,5%;13/02/2034;EUR;GOV_LT;Lituania;A;A2;;1000;Senior;25/09/2026;LP;95,66;2000;1;4,19;6,2;3,68;3,74;6,33;0,569;0,572;0,035;1;2;0,0366;99,115;
XS2770920937;ROMANIA 22/03/2031 5,375%;22/03/2031;EUR;GOV_RO;Romania;BBB-;Baa3;;1000;Senior;25/09/2026;LP;99,55;325000;2;5,48;3,78;4,8;4,81;3,86;1,849;1,855;0,05375;1;3;0,054;99,879;
XS2770921315;ROMANIA GREEN BOND 22/02/2036 5,625%;22/02/2036;EUR;GOV_RO;Romania;BBB-;Baa3;;1000;Senior;25/09/2026;LP;94,38;415000;2;6,43;6,8;5,65;5,7;7,06;2,79;2,797;0,05625;1;2;0,0596;99,073;
XS2805621146;BARCLAYS BANK 15/07/2042  6,2% Cumulative callable;15/07/2042;EUR;BARCLAYS;Barclays;;;;1000;Senior;25/09/2026;LP;81,95;174000;1;5,16;15,03;4,26;4,43;15,13;1,516;1,516;0,062;0;;0,0757;100;
XS2829209720;ROMANIA 30/05/2032 5,25%;30/05/2032;EUR;GOV_RO;Romania;BBB-;Baa3;;1000;Senior;25/09/2026;LP;97,79;431000;2;5,71;4,69;5;5,04;4,8;2,081;2,085;0,0525;1;5;0,0537;99,515;
XS2829724504;GOLDMAN SACHS 07/02/2042 5,3% Cumulative callable;07/02/2042;EUR;GOLDMAN;Goldman Sachs;;;;1000;Senior;25/09/2026;LP;78;14000;1;5,24;14,6;4,29;4,53;14,7;1,597;1,597;0,053;0;;0,0679;100;
XS2829810923;ROMANIA 30/05/2037 5,625%;30/05/2037;EUR;GOV_RO;Romania;BBB-;Baa3;;1000;Senior;25/09/2026;LP;92,2;1257000;2;6,66;7,54;5,85;5,92;7,84;3,013;3,02;0,05625;1;5;0,061;99,45;
XS2837886287;VOLKSWAGEN GREEN BOND 10/09/2030 3,875%;10/09/2030;EUR;VOLKSWAGEN;Volkswagen AG;;;;1000;Senior;25/09/2026;RP;97,93;0;1;4,46;3,57;3,31;3,42;3,66;0,825;0,828;0,03875;1;9;0,0396;99,578;
XS2849767202;CIPRO 27/06/2031 3,25% ;27/06/2031;EUR;GOV_CY;Cipro;A-;A3;;1000;Senior;25/09/2026;LP;98,99;5000;1;3,48;4,29;3,05;3,07;4,34;-0,149;-0,146;0,0325;1;6;0,0328;99,631;
XS2861438815;BARCLAYS BANK 16/10/2042 5,3% Cumulative Callable;16/10/2042;EUR;BARCLAYS;Barclays;;;;100;Senior;25/09/2026;RP;79,08;0;1;4,99;15,29;4,09;4,31;15,39;1,351;1,351;0,053;0;;0,067;100;
XS2887897200;WORLD BANK 28/08/2031 2,6%;28/08/2031;EUR;SOV_WORLDBANK;World Bank;;;;1000;Senior;25/09/2026;RP;95,34;0;1;3,65;4,49;3,2;3,32;4,54;0,021;0,023;0,026;1;8;0,0273;99,975;
XS2887901325;BMW 27/08/2027 3% ;27/08/2027;EUR;BMW;Bayerische Motoren Werke AG;;;;1000;Senior;25/09/2026;LP;99,55;30000;1;3,51;0,88;2,6;2,72;0,89;0,168;0,168;0,03;1;8;0,0301;99,915;
XS2887901598;BMW 27/08/2030 3,125% ;27/08/2030;EUR;BMW;Bayerische Motoren Werke AG;;;;1000;Senior;25/09/2026;RP;96,36;0;1;4,15;3,58;3,08;3,32;3,65;0,519;0,522;0,03125;1;8;0,0324;99,951;
XS2887901911;BMW 27/08/2034 3,375% ;27/08/2034;EUR;BMW;Bayerische Motoren Werke AG;;;;1000;Senior;25/09/2026;LP;92,11;4000;1;4,59;6,7;3,42;3,65;6,97;0,959;0,96;0,03375;1;8;0,0366;99,466;
XS2890420834;BULGARIA 05/09/2032 3,625% ;05/09/2032;EUR;GOV_BG;Bulgaria;BBB+;Baa1;;1000;Senior;25/09/2026;LP;97,33;1000;1;4,14;5,21;3,63;3,66;5,29;0,515;0,517;0,03625;1;9;0,0372;98,657;
XS2890435600;BULGARIA 05/09/2044 4,25% ;05/09/2044;EUR;GOV_BG;Bulgaria;BBB+;Baa1;;1000;Senior;25/09/2026;LP;91,84;1000;1;4,95;12,02;4,35;4,38;12,59;1,32;1,317;0,0425;1;9;0,0463;97,864;
XS2890436087;BULGARIA 05/03/2037 5% USD;05/03/2037;USD;GOV_BG;Bulgaria;BBB+;Baa1;;2000;Senior;25/09/2026;LP;92,38;56000;1;6,08;7,65;5,34;5,4;7,93;2,432;2,439;0,05;2;3,9;0,0541;98,251;
XS2895631567;E.ON GREEN BOND 05/03/2030 3,125% CALLABLE;05/03/2030;EUR;EON;E.ON SE;;;;1000;Senior;25/09/2026;RP;97,4;0;1;3,95;3,13;2,93;3,1;3,2;0,314;0,319;0,03125;1;3;0,0321;99,59;
XS2895631641;E.ON 05/09/2038 3,875% CALLABLE;05/09/2038;EUR;EON;E.ON SE;;;;1000;Senior;25/09/2026;RP;92,42;0;1;4,72;9,22;3,52;3,65;9,81;1,071;1,075;0,03875;1;9;0,0419;99,459;
XS2908633683;ROMANIA 24/03/2035 5,75% USD;24/03/2035;USD;GOV_RO;Romania;BBB-;Baa3;;2000;Senior;25/09/2026;LP;91,9;40000;1;7,16;6,29;6,28;6,37;6,51;3,527;3,531;0,0575;2;3,9;0,0626;99,293;
XS2908644615;ROMANIA 24/09/2031 5,125% ;24/09/2031;EUR;GOV_RO;Romania;BBB-;Baa3;;1000;Senior;25/09/2026;LP;98,19;559000;2;5,55;4,28;4,86;4,9;4,36;1,917;1,921;0,05125;1;9;0,0522;99,977;
XS2908645265;ROMANIA 24/09/2044 6% ;24/09/2044;EUR;GOV_RO;Romania;BBB-;Baa3;;1000;Senior;25/09/2026;LP;90,27;2044000;3;6,96;10,38;6,12;6,16;11,04;3,338;3,333;0,06;1;9;0,0665;99,828;
XS2922763896;POLONIA 22/10/2031 3,125% ;22/10/2031;EUR;GOV_PL;Polonia;A-;A2;;1000;Senior;25/09/2026;RP;95,92;0;1;4,03;4,43;3,53;3,62;4,5;0,399;0,402;0,03125;1;10;0,0326;99,555;
XS2922764191;POLONIA 22/10/2039 3,875% ;22/10/2039;EUR;GOV_PL;Polonia;A-;A2;;1000;Senior;25/09/2026;LP;92,78;10000;1;4,62;9,55;4,06;4,11;9,9;0,971;0,976;0,03875;1;10;0,0418;99,742;
XS2932806065;ALERION GREEN BOND 11/12/2030 4,75% CALLABLE;11/12/2030;EUR;ALERION;Alerion Clean Power S.p.A.;;;;1000;Senior;25/09/2026;LP;100;230000;2;4,8;3,63;3,54;3,54;3,77;1,171;1,177;0,0475;2;6,12;0,0475;100;
XS2935655113;BARCLAYS BANK 30/01/2045 5,4% Cumulative Callable;30/01/2045;EUR;BARCLAYS;Barclays;;;;1000;Senior;25/09/2026;RP;81,83;0;1;4,62;17,54;3,8;3,95;17,65;1,001;1,001;0,054;0;;0,066;100;
XS2958536976;NEW LAT FOOD 12/02/2031 4,75% CALLABLE;12/02/2031;EUR;NEWLATFOOD;New Lat Food S.p.A.;;;;1000;Senior;25/09/2026;LP;99,94;243000;2;4,82;3,79;3,55;3,56;3,93;1,185;1,19;0,0475;2;2,8;0,0475;100;
XS2970972613;SOCIETE GENERALE 07/02/2040 4,75% Cumulative callable;07/02/2040;EUR;SOCGEN;Societe Generale;;;;1000;Senior;25/09/2026;RP;89,79;0;1;4,3;12,82;3,44;3,57;12,91;0,647;0,647;0,0475;0;;0,0529;100;
XS2971936948;UNGHERIA 16/06/2034 4,5% ;16/06/2034;EUR;GOV_HU;Ungheria;BBB-;Baa2;;1000;Senior;25/09/2026;LP;98,6;173000;1;4,72;6,3;4,13;4,15;6,45;1,091;1,093;0,045;1;6;0,0456;99,941;
XS2971937672;UNGHERIA GREEN BOND 22/03/2040 4,875% ;22/03/2040;EUR;GOV_HU;Ungheria;BBB-;Baa2;;1000;Senior;25/09/2026;LP;98,94;175000;2;4,98;9,45;4,36;4,37;9,85;1,329;1,335;0,04875;0;3;0,0493;99,87;
XS2975276143;POLONIA 16/01/2035 3,625% ;16/01/2035;EUR;GOV_PL;Polonia;A-;A2;;1000;Senior;25/09/2026;LP;96,41;16000;1;4,14;6,83;3,63;3,68;6,99;0,513;0,516;0,03625;1;1;0,0376;99,95;
XS2975280509;POLONIA 16/01/2030 3% ;16/01/2030;EUR;GOV_PL;Polonia;A-;A2;;1000;Senior;25/09/2026;LP;98,38;5000;1;3,53;3,02;3,09;3,15;3,05;-0,105;-0,1;0,03;1;1;0,0305;99,918;
XS2978482169;E.ON GREEN BOND 16/01/2040 4% CALLABLE;16/01/2040;EUR;EON;E.ON SE;;;;1000;Senior;25/09/2026;RP;92,6;0;1;4,76;9,68;3,55;3,67;10,46;1,11;1,116;0,04;1;1;0,0432;99,612;
XS2978594989;E.ON 16/04/2033 3,5% CALLABLE;16/04/2033;EUR;EON;E.ON SE;;;;1000;Senior;25/09/2026;RP;95,31;0;1;4,33;5,61;3,22;3,39;5,82;0,711;0,713;0,035;1;4;0,0367;99,575;
XS2982293156;GOLDMAN SACHS 04/08/2035 4,4% Cumulative Callable;04/08/2035;EUR;GOLDMAN;Goldman Sachs;;;;100;Senior;25/09/2026;RP;89,89;0;1;4,82;8,45;3,77;4,01;8,51;1,183;1,183;0,044;0;;0,0489;100;
XS2982296092;GOLDMAN SACHS 04/08/2035 6,75% Cumulative callable USD;04/08/2035;USD;GOLDMAN;Goldman Sachs;;;;100;Senior;25/09/2026;LP;91;24000;1;6,15;8,34;4,89;5,08;8,42;2,514;2,514;0,0675;0;;0,0742;100;
XS2982308285;GOLDMAN SACHS 05/06/2040 STEP DOWN 7% - 2% CALLABLE;05/06/2040;EUR;GOLDMAN;Goldman Sachs;;;;100;Senior;25/09/2026;RP;85,57;0;1;4,7;9,8;3,49;3,74;10,65;1,052;1,058;0,07;0;6;0,0818;100;
XS2982332400;BMW 22/07/2029 3,125%;22/07/2029;EUR;BMW;Bayerische Motoren Werke AG;;;;1000;Senior;25/09/2026;RP;97,5;0;0;4,08;2,61;3,03;3,25;2,66;0,454;0,458;0,03125;1;7;0,0321;99,905;
XS2999533271;ROMANIA 10/03/2030 5,25%;10/03/2030;EUR;GOV_RO;Romania;BBB-;Baa3;;1000;Senior;25/09/2026;LP;100,41;293000;2;5,11;3;4,45;4,45;3,05;1,474;1,482;0,0525;0;3;0,0523;99,824;
XS2999552909;ROMANIA 10/09/2034 6,25%;10/09/2034;EUR;GOV_RO;Romania;BBB-;Baa3;;1000;Senior;25/09/2026;LP;99,95;348000;2;6,26;6,1;5,47;5,47;6,29;2,628;2,631;0,0625;0;9;0,0625;99,226;
XS2999564581;ROMANIA 10/02/2037 7,5% USD;10/02/2037;USD;GOV_RO;Romania;BBB-;Baa3;;2000;Senior;25/09/2026;LP;103,26;4000;1;7,17;6,88;6,22;6,22;7,22;3,52;3,53;0,075;2;2,8;0,0726;99,633;
XS3021378032;ROMANIA 11/07/2032 5,875%;11/07/2032;EUR;GOV_RO;Romania;BBB-;Baa3;;1000;Senior;25/09/2026;LP;99,86;340000;1;5,9;4,73;5,16;5,16;4,84;2,27;2,274;0,05875;0;7;0,0588;99,702;
XS3021378388;ROMANIA 11/07/2039 6,75%;11/07/2039;EUR;GOV_RO;Romania;BBB-;Baa3;;1000;Senior;25/09/2026;LP;98,93;1323000;2;6,87;8,24;6,02;6,02;8,66;3,221;3,229;0,0675;0;7;0,0682;99,614;
XS3025746853;BARCLAYS BANK 29/05/2050 6,5% Cumulative callable;29/05/2050;EUR;BARCLAYS;Barclays;;;;1000;Senior;25/09/2026;LP;77,14;6000;1;4,84;22,59;4,06;4,18;22,73;1,291;1,291;0,065;0;;0,0843;100;
XS3032929930;DEUTSCHE BANK 30/05/2033 2,9%;30/05/2033;EUR;DEUTSCHEBANK;Deutsche Bank AG;;;;1000;Senior;25/09/2026;RP;92,84;0;1;4,15;5,83;3,1;3,36;6,02;0,527;0,529;0,029;1;5;0,0312;100;
XS3062135556;BARCLAYS BANK 14/07/2043 5,6% Cumulative Callable;14/07/2043;EUR;BARCLAYS;Barclays;;;;1000;Senior;25/09/2026;RP;80,02;0;1;5,12;15,98;4,19;4,38;16,1;1,489;1,489;0,056;0;;0,07;100;
XS3062135630;BARCLAYS BANK 14/07/2043 8,8% USD Cumulative Callable;14/07/2043;USD;BARCLAYS;Barclays;;;;1000;Senior;25/09/2026;RP;89,05;0;1;5,84;15,87;4,84;4,92;16,01;2,202;2,202;0,088;0;;0,0988;100;
XS3063879368;BULGARIA 07/05/2034 3,5%;07/05/2034;EUR;GOV_BG;Bulgaria;BBB+;Baa1;;1000;Senior;25/09/2026;RP;94,55;0;1;4,35;6,41;3,82;3,89;6,54;0,729;0,731;0,035;1;5;0,037;98,634;
XS3063879442;BULGARIA 07/05/2038 4,125%;07/05/2038;EUR;GOV_BG;Bulgaria;BBB+;Baa1;;1000;Senior;25/09/2026;LP;94;7000;1;4,81;8,8;4,22;4,26;9,08;1,16;1,165;0,04125;1;5;0,0439;97,975;
XS3075490188;BMW 20/05/2031 3,25%;20/05/2031;EUR;BMW;Bayerische Motoren Werke AG;;;;1000;Senior;25/09/2026;RP;95,72;0;1;4,28;4,15;3,18;3,41;4,26;0,651;0,655;0,0325;1;5;0,034;99,785;
XS3075490261;BMW 20/11/2034 3,75%;20/11/2034;EUR;BMW;Bayerische Motoren Werke AG;;;;1000;Senior;25/09/2026;LP;94,5;1000;1;4,57;6,6;3,4;3,56;6,95;0,944;0,946;0,0375;1;11;0,0397;99,726;
XS3075491152;BMW 20/05/2028 2,625%;20/05/2028;EUR;BMW;Bayerische Motoren Werke AG;;;;1000;Senior;25/09/2026;RP;97,85;0;1;4;1,55;2,96;3,29;1,57;0,45;0,454;0,02625;1;5;0,0268;99,778;
XS3077018714;NEXI 21/05/2031 3,875% CALLABLE;21/05/2031;EUR;NEXI;Nexi SpA;;;;100000;Senior;25/09/2026;RP;97,58;0;0;4,46;4,09;3,31;3,43;4,22;0,827;0,831;0,03875;1;5;0,0397;99,89;
XS3085263138;SOCIETE GENERALE 12/06/2045 5,5% Cumulative callable;12/06/2045;EUR;SOCGEN;Societe Generale;;;;1000;Senior;25/09/2026;LP;82,55;50000;1;4,65;17,88;3,81;3,95;18;1,035;1,035;0,055;0;;0,0666;100;
XS3109446610;POLONIA 07/07/2032 3,125%;07/07/2032;EUR;GOV_PL;Polonia;A-;A2;;1000;Senior;25/09/2026;LP;95,62;51000;1;3,99;5,12;3,5;3,58;5,19;0,361;0,363;0,03125;1;7;0,0327;99,672;
XS3109460959;POLONIA GREEN BOND 07/07/2037 3,875%;07/07/2037;EUR;GOV_PL;Polonia;A-;A2;;1000;Senior;25/09/2026;RP;94,26;0;1;4,56;8,48;4;4,06;8,72;0,909;0,914;0,03875;1;7;0,0411;99,736;
XS3114897633;ROMANIA 16/05/2036 6,625% USD;16/05/2036;USD;GOV_RO;Romania;BBB-;Baa3;;2000;Senior;25/09/2026;LP;97,24;8000;1;7,15;6,58;6,25;6,28;6,89;3,498;3,507;0,06625;0;5,11;0,0681;99,812;
XS3114901336;ROMANIA 16/09/2030 5,75% USD;16/09/2030;USD;GOV_RO;Romania;BBB-;Baa3;;2000;Senior;25/09/2026;LP;97,95;200000;1;6,44;3,37;5,63;5,69;3,44;2,808;2,815;0,0575;0;3,9;0,0587;99,885;
XS3124345631;BULGARIA 18/07/2035 3,375%;18/07/2035;EUR;GOV_BG;Bulgaria;BBB+;Baa1;;1000;Senior;25/09/2026;RP;92,37;0;1;4,44;7,33;3,9;3,97;7,49;0,804;0,807;0,03375;1;7;0,0365;97,836;
XS3124393367;BULGARIA 18/07/2045 4,125%;18/07/2045;EUR;GOV_BG;Bulgaria;BBB+;Baa1;;1000;Senior;25/09/2026;LP;88,93;7000;1;5,05;12,34;4,44;4,48;12,94;1,43;1,425;0,04125;1;7;0,0464;96,88;
XS3129375732;IBRD 23/07/2035 3%;23/07/2035;EUR;SOV_IBRD;International Bank for Reconstruction and Development;AAA;;;1000;Senior;25/09/2026;RP;93,87;0;1;3,83;7,51;3,36;3,44;7,65;0,197;0,199;0,03;1;7;0,032;100;
XS3135860065;BARCLAYS BANK 06/10/2050 6,5% Cumulative callable;06/10/2050;EUR;BARCLAYS;Barclays;;;;1000;Senior;25/09/2026;RP;81,28;0;0;4,67;22,96;3,9;3,99;23,11;1,132;1,132;0,065;0;;0,08;100;
XS3189138111;BARCLAYS BANK 04/12/2041 5% Cumulative Callable;04/12/2041;EUR;BARCLAYS;Barclays;;;;1000;Senior;25/09/2026;RP;86,5;0;0;4,63;14,52;3,71;3,86;14,63;0,979;0,979;0,05;0;;0,0578;100;
XS3198384573;ROMANIA 07/06/2033 5,375%;07/06/2033;EUR;GOV_RO;Romania;BBB-;Baa3;;1000;Senior;25/09/2026;LP;95,99;98000;2;6,12;5,35;5,36;5,42;5,49;2,491;2,494;0,05375;0;6;0,056;99,351;
XS3198384813;ROMANIA 07/10/2037 6,125%;07/10/2037;EUR;GOV_RO;Romania;BBB-;Baa3;;1000;Senior;25/09/2026;LP;95,63;479000;2;6,7;7,29;5,87;5,9;7,64;3,046;3,053;0,06125;1;10;0,064;99,312;
XS3200176298;ROMANIA 07/10/2045 6,5%;07/10/2045;EUR;GOV_RO;Romania;BBB-;Baa3;;1000;Senior;25/09/2026;LP;94,25;1685000;3;7,06;9,81;6,19;6,21;10,56;3,439;3,431;0,065;1;10;0,069;99,69;
XS3213330791;ALERION GREEN BOND 06/02/2032 4,625% CALLABLE;06/02/2032;EUR;ALERION;Alerion Clean Power S.p.A.;;;;1000;Senior;25/09/2026;RP;99,19;0;1;4,85;4,55;3,58;3,62;4,74;1,222;1,226;0,04625;2;2,8;0,0466;100;
XS3222075817;BARCLAYS BANK 12/01/2051 7% Cumulative Callable;12/01/2051;EUR;BARCLAYS;Barclays;;;;1000;Senior;25/09/2026;RP;85,32;0;1;4,69;23,22;3,9;3,98;23,37;1,157;1,157;0,07;0;;0,082;100;
XS3268040964;POLONIA 15/01/2031 2,875%;15/01/2031;EUR;GOV_PL;Polonia;A-;A2;;1000;Senior;25/09/2026;RP;95,77;0;1;3,96;3,86;3,47;3,58;3,91;0,33;0,334;0,02875;1;1;0,03;99,592;
XS3268043554;POLONIA 15/06/2036 3,625%;15/06/2036;EUR;GOV_PL;Polonia;A-;A2;;1000;Senior;25/09/2026;LP;93,97;13000;1;4,4;7,87;3,86;3,92;8,07;0,751;0,756;0,03625;1;6;0,0386;99,047;
XS3269554690;UNGHERIA 26/05/2033 4,25%;26/05/2033;EUR;GOV_HU;Ungheria;BBB-;Baa2;;1000;Senior;25/09/2026;RP;98,39;0;1;4,53;5,59;3,97;3,99;5,71;0,907;0,91;0,0425;0;5;0,0432;99,754;
XS3269555234;UNGHERIA 25/03/2038 4,875%;25/03/2038;EUR;GOV_HU;Ungheria;BBB-;Baa2;;1000;Senior;25/09/2026;LP;99,01;22000;1;4,98;8,34;4,36;4,37;8,66;1,335;1,341;0,04875;0;3;0,0492;100;
XS3276320358;LITUANIA 22/01/2031 3%;22/01/2031;EUR;GOV_LT;Lituania;A;A2;;1000;Senior;25/09/2026;RP;96,51;0;1;3,89;3,87;3,41;3,51;3,92;0,259;0,263;0,03;1;1;0,0311;99,913;
XS3276321752;LITUANIA 22/01/2041 4,125%;22/01/2041;EUR;GOV_LT;Lituania;A;A2;;1000;Senior;25/09/2026;RP;92,75;0;1;4,84;10,14;4,25;4,29;10,56;1,185;1,19;0,04125;1;1;0,0445;98,699;
XS3280518856;BMW 27/01/2029 2,625%;27/01/2029;EUR;BMW;Bayerische Motoren Werke AG;;;;1000;Senior;25/09/2026;RP;97,02;0;1;3,99;2,16;2,96;3,26;2,2;0,375;0,38;0,02625;1;1;0,0271;99,673;
XS3280519078;BMW 27/01/2032 3,25%;27/01/2032;EUR;BMW;Bayerische Motoren Werke AG;;;;1000;Senior;25/09/2026;RP;94,57;0;1;4,41;4,65;3,28;3,53;4,8;0,782;0,786;0,0325;1;1;0,0344;99,775;
XS3280519318;BMW 27/01/2036 3,75%;27/01/2036;EUR;BMW;Bayerische Motoren Werke AG;;;;1000;Senior;25/09/2026;RP;92,62;0;1;4,74;7,42;3,54;3,71;7,85;1,103;1,107;0,0375;1;1;0,0405;99,354;
XS3307442197;ROMANIA 04/03/2033 4,625%;04/03/2033;EUR;GOV_RO;Romania;BBB-;Baa3;;1000;Senior;25/09/2026;LP;92,62;54000;2;6,04;5,21;5,3;5,43;5,33;2,412;2,415;0,04625;1;3;0,0499;99,924;
XS3307981491;ROMANIA 04/07/2036 5,75% USD;04/07/2036;USD;GOV_RO;Romania;BBB-;Baa3;;2000;Senior;25/09/2026;RP;90,3;0;1;7,27;6,73;6,38;6,48;7,03;3,617;3,626;0,0575;0;1,7;0,0637;99,956;
XS3338525515;GOLDMAN SACHS 20/05/2041 6,25% Cumulative Callable;20/05/2041;EUR;GOLDMAN;Goldman Sachs;;;;100;Senior;25/09/2026;LP;94,55;6000;1;4,85;13,97;3,88;3,94;14,09;1,203;1,203;0,0625;0;;0,0661;100;
XS3345065505;BARCLAYS BANK 11/05/2046 6,2% Cumulative Callable;11/05/2046;EUR;BARCLAYS;Barclays;;;;1000;Senior;25/09/2026;RP;91,65;0;1;4,53;18,78;3,67;3,74;18,92;0,913;0,913;0,062;0;;0,0676;100;
XS3435288413;UNGHERIA 23/03/2032 3,5%;23/03/2032;EUR;GOV_HU;Ungheria;BBB-;Baa2;;1000;Senior;25/09/2026;RP;95,5;0;1;4,44;4,82;3,9;3,98;4,89;0,814;0,816;0,035;0;3;0,0366;99,405;
XS3435288769;UNGHERIA 21/05/2037 4,25%;21/05/2037;EUR;GOV_HU;Ungheria;BBB-;Baa2;;1000;Senior;25/09/2026;LP;93,94;329000;1;5;8,22;4,39;4,44;8,47;1,347;1,352;0,0425;0;5;0,0452;99,737;
XS3486811766;WORLD BANK 02/09/2036 3,45%;02/09/2036;EUR;SOV_WORLDBANK;World Bank;;;;1000;Senior;25/09/2026;RP;96,13;0;1;3,93;8,2;3,44;3,48;8,38;0,278;0,282;0,0345;1;9;0,0359;99,775;
XS3511196753;TOYOTA 24/03/2033 4,2%;24/03/2033;EUR;TOYOTA;Toyota Motor Corporation;;;;1000;Senior;25/09/2026;LP;99,45;5000;1;4,3;5,56;3,18;3,2;5,78;0,678;0,68;0,042;0;3;0,0422;99,737;
ZAG000030404;SUD AFRICA 31/03/2036 6,25% ZAR;31/03/2036;ZAR;GOV_ZA;Sud Africa;BB;Ba2;;1;Senior;25/09/2026;LP;83,34;40000;1;9,08;6,24;7,96;7,96;6,54;5,432;5,44;0,0625;2;3,9;0,075;77,846;
ZAG000077470;SUD AFRICA 28/02/2031 7% ZAR;28/02/2031;ZAR;GOV_ZA;Sud Africa;BB;Ba2;;1;Senior;25/09/2026;LP;95,04;90000;1;8,53;3,53;7,61;7,64;3,62;4,897;4,905;0,07;2;2,8;0,0737;82,389;
ZAG000077488;SUD AFRICA 28/02/2041 6,5% ZAR;28/02/2041;ZAR;GOV_ZA;Sud Africa;BB;Ba2;;1;Senior;25/09/2026;LP;77,97;75000;1;9,52;8,04;8,55;8,62;8,49;5,864;5,873;0,065;2;2,8;0,0834;75,517;
ZAG000106998;SUD AFRICA 31/01/2030 8% ZAR;31/01/2030;ZAR;GOV_ZA;Sud Africa;BB;Ba2;;1;Senior;25/09/2026;LP;99,37;202000;1;8,38;2,73;7,34;7,34;2,8;4,74;4,752;0,08;2;1,7;0,0805;95,2608;
ZAG000107004;SUD AFRICA 31/03/2032 8,25% ZAR;31/03/2032;ZAR;GOV_ZA;Sud Africa;BB;Ba2;;1;Senior;25/09/2026;RP;98,64;0;1;8,75;3,99;7,67;7,67;4,15;5,117;5,124;0,0825;2;3,9;0,0836;95,30336;
ZAG000107012;SUD AFRICA 31/01/2037 8,5% ZAR;31/01/2037;ZAR;GOV_ZA;Sud Africa;BB;Ba2;;1;Senior;25/09/2026;LP;96,84;100000;1;9,17;6,34;8,03;8,05;6,7;5,517;5,529;0,085;2;1,7;0,0878;96,8747;
ZAG000125972;SUD AFRICA 28/02/2035 8,875% ZAR;28/02/2035;ZAR;GOV_ZA;Sud Africa;BB;Ba2;;1;Senior;25/09/2026;RP;100,62;0;1;8,96;5,57;7,81;7,81;5,84;5,321;5,328;0,08875;2;2,8;0,0882;102,188;
ZAG000125980;SUD AFRICA 31/01/2040 9% ZAR;31/01/2040;ZAR;GOV_ZA;Sud Africa;BB;Ba2;;1;Senior;25/09/2026;LP;97,84;1141500;1;9,5;7,17;8,29;8,31;7,69;5,841;5,853;0,09;2;1,7;0,092;99,7471;
ZAG000195280;SUD AFRICA 31/03/2053 1,625% ZAR;31/03/2053;ZAR;GOV_ZA;Sud Africa;BB;Ba2;;1;Senior;25/09/2026;RP;123,55;0;1;9,45;8,71;8,18;8,18;9,72;5,957;5,855;0,11625;2;3,9;0,0941;99,7824;
ZAG000208364;SUD AFRICA 31/03/2038 0,875% ZAR;31/03/2038;ZAR;GOV_ZA;Sud Africa;BB;Ba2;;1;Senior;25/09/2026;RP;112,1;0;1;9,36;6,19;8,05;8,05;6,64;5,711;5,723;0,10875;2;3,9;0,097;99,7644;
ZAG000208372;SUD AFRICA 31/03/2033 10% ZAR;31/03/2033;ZAR;GOV_ZA;Sud Africa;BB;Ba2;;1;Senior;25/09/2026;RP;106,6;0;0;8,84;4,38;7,59;7,59;4,59;5,213;5,219;0,1;2;3,9;0,0938;100,1472;
